{
    "type": "FeatureCollection",
    "features": [
        {
            "type": "Feature",
            "properties": {
                "code": "75056",
                "nom": "Paris",
                "departement": "75",
                "region": "11",
                "plm": true,
                "epci": "200054781",
                "stationCount": 995
            },
            "geometry": {
                "type": "Polygon",
                "coordinates": [
                    [
                        [
                            2.352,
                            48.9015
                        ],
                        [
                            2.3656,
                            48.9018
                        ],
                        [
                            2.3703,
                            48.9018
                        ],
                        [
                            2.3845,
                            48.9021
                        ],
                        [
                            2.3893,
                            48.9012
                        ],
                        [
                            2.3955,
                            48.8983
                        ],
                        [
                            2.3977,
                            48.8946
                        ],
                        [
                            2.3989,
                            48.8895
                        ],
                        [
                            2.3993,
                            48.8854
                        ],
                        [
                            2.4015,
                            48.8826
                        ],
                        [
                            2.4094,
                            48.8803
                        ],
                        [
                            2.4108,
                            48.8784
                        ],
                        [
                            2.4134,
                            48.8731
                        ],
                        [
                            2.414,
                            48.8647
                        ],
                        [
                            2.4153,
                            48.8552
                        ],
                        [
                            2.4163,
                            48.8492
                        ],
                        [
                            2.416,
                            48.8466
                        ],
                        [
                            2.4122,
                            48.8345
                        ],
                        [
                            2.4173,
                            48.8342
                        ],
                        [
                            2.4221,
                            48.8358
                        ],
                        [
                            2.4195,
                            48.8414
                        ],
                        [
                            2.4218,
                            48.8444
                        ],
                        [
                            2.4239,
                            48.8422
                        ],
                        [
                            2.4276,
                            48.8416
                        ],
                        [
                            2.4372,
                            48.8409
                        ],
                        [
                            2.438,
                            48.8447
                        ],
                        [
                            2.4408,
                            48.846
                        ],
                        [
                            2.4466,
                            48.8458
                        ],
                        [
                            2.4479,
                            48.8449
                        ],
                        [
                            2.4586,
                            48.8434
                        ],
                        [
                            2.4649,
                            48.8414
                        ],
                        [
                            2.4673,
                            48.8391
                        ],
                        [
                            2.4699,
                            48.8364
                        ],
                        [
                            2.4695,
                            48.8345
                        ],
                        [
                            2.4658,
                            48.8319
                        ],
                        [
                            2.4647,
                            48.8276
                        ],
                        [
                            2.4657,
                            48.8262
                        ],
                        [
                            2.4629,
                            48.8202
                        ],
                        [
                            2.4612,
                            48.8184
                        ],
                        [
                            2.4591,
                            48.817
                        ],
                        [
                            2.4535,
                            48.8171
                        ],
                        [
                            2.4478,
                            48.818
                        ],
                        [
                            2.4373,
                            48.8182
                        ],
                        [
                            2.4304,
                            48.8229
                        ],
                        [
                            2.428,
                            48.8239
                        ],
                        [
                            2.42,
                            48.8241
                        ],
                        [
                            2.4092,
                            48.8255
                        ],
                        [
                            2.4022,
                            48.8296
                        ],
                        [
                            2.3943,
                            48.8275
                        ],
                        [
                            2.3901,
                            48.8257
                        ],
                        [
                            2.3815,
                            48.8224
                        ],
                        [
                            2.3808,
                            48.8217
                        ],
                        [
                            2.3642,
                            48.8164
                        ],
                        [
                            2.3562,
                            48.8159
                        ],
                        [
                            2.3524,
                            48.8186
                        ],
                        [
                            2.3472,
                            48.8161
                        ],
                        [
                            2.3439,
                            48.8158
                        ],
                        [
                            2.3417,
                            48.8163
                        ],
                        [
                            2.3319,
                            48.817
                        ],
                        [
                            2.3325,
                            48.8182
                        ],
                        [
                            2.3141,
                            48.8223
                        ],
                        [
                            2.3013,
                            48.8251
                        ],
                        [
                            2.2922,
                            48.8271
                        ],
                        [
                            2.2894,
                            48.8283
                        ],
                        [
                            2.2791,
                            48.8325
                        ],
                        [
                            2.2728,
                            48.8279
                        ],
                        [
                            2.2676,
                            48.828
                        ],
                        [
                            2.2673,
                            48.8315
                        ],
                        [
                            2.2699,
                            48.833
                        ],
                        [
                            2.2675,
                            48.8346
                        ],
                        [
                            2.2628,
                            48.8339
                        ],
                        [
                            2.2551,
                            48.8348
                        ],
                        [
                            2.2517,
                            48.8388
                        ],
                        [
                            2.2508,
                            48.8455
                        ],
                        [
                            2.2424,
                            48.8477
                        ],
                        [
                            2.2392,
                            48.85
                        ],
                        [
                            2.2242,
                            48.8535
                        ],
                        [
                            2.2257,
                            48.8594
                        ],
                        [
                            2.2284,
                            48.8654
                        ],
                        [
                            2.2317,
                            48.8691
                        ],
                        [
                            2.2403,
                            48.872
                        ],
                        [
                            2.2457,
                            48.8765
                        ],
                        [
                            2.2548,
                            48.8741
                        ],
                        [
                            2.2585,
                            48.8804
                        ],
                        [
                            2.2775,
                            48.878
                        ],
                        [
                            2.2799,
                            48.8786
                        ],
                        [
                            2.2809,
                            48.8828
                        ],
                        [
                            2.2845,
                            48.8856
                        ],
                        [
                            2.2916,
                            48.8895
                        ],
                        [
                            2.295,
                            48.8899
                        ],
                        [
                            2.3038,
                            48.8942
                        ],
                        [
                            2.3125,
                            48.8978
                        ],
                        [
                            2.3199,
                            48.9005
                        ],
                        [
                            2.3301,
                            48.901
                        ],
                        [
                            2.352,
                            48.9015
                        ]
                    ]
                ]
            }
        },
        {
            "type": "Feature",
            "properties": {
                "code": "92004",
                "nom": "Asnières-sur-Seine",
                "departement": "92",
                "region": "11",
                "epci": "200054781",
                "stationCount": 12
            },
            "geometry": {
                "type": "Polygon",
                "coordinates": [
                    [
                        [
                            2.3198,
                            48.9159
                        ],
                        [
                            2.3138,
                            48.914
                        ],
                        [
                            2.3075,
                            48.9122
                        ],
                        [
                            2.3023,
                            48.9112
                        ],
                        [
                            2.2951,
                            48.9082
                        ],
                        [
                            2.2923,
                            48.906
                        ],
                        [
                            2.2874,
                            48.9036
                        ],
                        [
                            2.2843,
                            48.9023
                        ],
                        [
                            2.2818,
                            48.9046
                        ],
                        [
                            2.2801,
                            48.9036
                        ],
                        [
                            2.2743,
                            48.9083
                        ],
                        [
                            2.2682,
                            48.906
                        ],
                        [
                            2.2664,
                            48.9063
                        ],
                        [
                            2.265,
                            48.9102
                        ],
                        [
                            2.2722,
                            48.9102
                        ],
                        [
                            2.2723,
                            48.9127
                        ],
                        [
                            2.2806,
                            48.9191
                        ],
                        [
                            2.2761,
                            48.923
                        ],
                        [
                            2.2733,
                            48.9268
                        ],
                        [
                            2.2724,
                            48.9285
                        ],
                        [
                            2.273,
                            48.9338
                        ],
                        [
                            2.281,
                            48.9331
                        ],
                        [
                            2.2844,
                            48.9302
                        ],
                        [
                            2.2845,
                            48.9261
                        ],
                        [
                            2.2884,
                            48.9204
                        ],
                        [
                            2.2919,
                            48.9179
                        ],
                        [
                            2.2953,
                            48.9197
                        ],
                        [
                            2.2963,
                            48.9128
                        ],
                        [
                            2.3101,
                            48.9184
                        ],
                        [
                            2.3178,
                            48.9208
                        ],
                        [
                            2.322,
                            48.9187
                        ],
                        [
                            2.3198,
                            48.9159
                        ]
                    ]
                ]
            }
        },
        {
            "type": "Feature",
            "properties": {
                "code": "92007",
                "nom": "Bagneux",
                "departement": "92",
                "region": "11",
                "epci": "200054781",
                "stationCount": 5
            },
            "geometry": {
                "type": "Polygon",
                "coordinates": [
                    [
                        [
                            2.3027,
                            48.8111
                        ],
                        [
                            2.3175,
                            48.8099
                        ],
                        [
                            2.3191,
                            48.81
                        ],
                        [
                            2.3183,
                            48.806
                        ],
                        [
                            2.324,
                            48.8054
                        ],
                        [
                            2.3239,
                            48.8016
                        ],
                        [
                            2.3187,
                            48.788
                        ],
                        [
                            2.3124,
                            48.7893
                        ],
                        [
                            2.3097,
                            48.7849
                        ],
                        [
                            2.3034,
                            48.7854
                        ],
                        [
                            2.2989,
                            48.7923
                        ],
                        [
                            2.2983,
                            48.7945
                        ],
                        [
                            2.2962,
                            48.7958
                        ],
                        [
                            2.2922,
                            48.796
                        ],
                        [
                            2.2996,
                            48.8029
                        ],
                        [
                            2.303,
                            48.8034
                        ],
                        [
                            2.3059,
                            48.8086
                        ],
                        [
                            2.3017,
                            48.81
                        ],
                        [
                            2.3027,
                            48.8111
                        ]
                    ]
                ]
            }
        },
        {
            "type": "Feature",
            "properties": {
                "code": "92009",
                "nom": "Bois-Colombes",
                "departement": "92",
                "region": "11",
                "epci": "200054781",
                "stationCount": 3
            },
            "geometry": {
                "type": "Polygon",
                "coordinates": [
                    [
                        [
                            2.2664,
                            48.9063
                        ],
                        [
                            2.267,
                            48.9047
                        ],
                        [
                            2.2633,
                            48.9034
                        ],
                        [
                            2.2614,
                            48.9068
                        ],
                        [
                            2.2582,
                            48.9061
                        ],
                        [
                            2.257,
                            48.9109
                        ],
                        [
                            2.2574,
                            48.9136
                        ],
                        [
                            2.2616,
                            48.9139
                        ],
                        [
                            2.2632,
                            48.9202
                        ],
                        [
                            2.2672,
                            48.9195
                        ],
                        [
                            2.2698,
                            48.9247
                        ],
                        [
                            2.2733,
                            48.9268
                        ],
                        [
                            2.2761,
                            48.923
                        ],
                        [
                            2.2806,
                            48.9191
                        ],
                        [
                            2.2723,
                            48.9127
                        ],
                        [
                            2.2722,
                            48.9102
                        ],
                        [
                            2.265,
                            48.9102
                        ],
                        [
                            2.2664,
                            48.9063
                        ]
                    ]
                ]
            }
        },
        {
            "type": "Feature",
            "properties": {
                "code": "92012",
                "nom": "Boulogne-Billancourt",
                "departement": "92",
                "region": "11",
                "epci": "200054781",
                "stationCount": 30
            },
            "geometry": {
                "type": "Polygon",
                "coordinates": [
                    [
                        [
                            2.2361,
                            48.8215
                        ],
                        [
                            2.2326,
                            48.8227
                        ],
                        [
                            2.2276,
                            48.8268
                        ],
                        [
                            2.2259,
                            48.8327
                        ],
                        [
                            2.224,
                            48.8351
                        ],
                        [
                            2.223,
                            48.8396
                        ],
                        [
                            2.2253,
                            48.8463
                        ],
                        [
                            2.2255,
                            48.8497
                        ],
                        [
                            2.2242,
                            48.8535
                        ],
                        [
                            2.2392,
                            48.85
                        ],
                        [
                            2.2424,
                            48.8477
                        ],
                        [
                            2.2508,
                            48.8455
                        ],
                        [
                            2.2517,
                            48.8388
                        ],
                        [
                            2.2551,
                            48.8348
                        ],
                        [
                            2.2628,
                            48.8339
                        ],
                        [
                            2.261,
                            48.832
                        ],
                        [
                            2.2517,
                            48.8258
                        ],
                        [
                            2.2491,
                            48.8246
                        ],
                        [
                            2.2391,
                            48.8217
                        ],
                        [
                            2.2361,
                            48.8215
                        ]
                    ]
                ]
            }
        },
        {
            "type": "Feature",
            "properties": {
                "code": "92014",
                "nom": "Bourg-la-Reine",
                "departement": "92",
                "region": "11",
                "epci": "200054781",
                "stationCount": 4
            },
            "geometry": {
                "type": "Polygon",
                "coordinates": [
                    [
                        [
                            2.3199,
                            48.7707
                        ],
                        [
                            2.3124,
                            48.7721
                        ],
                        [
                            2.3143,
                            48.7768
                        ],
                        [
                            2.3069,
                            48.7775
                        ],
                        [
                            2.3097,
                            48.7849
                        ],
                        [
                            2.3124,
                            48.7893
                        ],
                        [
                            2.3187,
                            48.788
                        ],
                        [
                            2.3251,
                            48.7863
                        ],
                        [
                            2.3244,
                            48.7822
                        ],
                        [
                            2.3258,
                            48.7819
                        ],
                        [
                            2.3237,
                            48.7766
                        ],
                        [
                            2.3199,
                            48.7707
                        ]
                    ]
                ]
            }
        },
        {
            "type": "Feature",
            "properties": {
                "code": "92020",
                "nom": "Châtillon",
                "departement": "92",
                "region": "11",
                "epci": "200054781",
                "stationCount": 6
            },
            "geometry": {
                "type": "Polygon",
                "coordinates": [
                    [
                        [
                            2.3027,
                            48.8111
                        ],
                        [
                            2.3017,
                            48.81
                        ],
                        [
                            2.3059,
                            48.8086
                        ],
                        [
                            2.303,
                            48.8034
                        ],
                        [
                            2.2996,
                            48.8029
                        ],
                        [
                            2.2922,
                            48.796
                        ],
                        [
                            2.2879,
                            48.7945
                        ],
                        [
                            2.2865,
                            48.7961
                        ],
                        [
                            2.2805,
                            48.795
                        ],
                        [
                            2.2767,
                            48.7959
                        ],
                        [
                            2.2722,
                            48.7941
                        ],
                        [
                            2.2714,
                            48.7949
                        ],
                        [
                            2.2764,
                            48.7977
                        ],
                        [
                            2.2775,
                            48.8015
                        ],
                        [
                            2.2731,
                            48.8019
                        ],
                        [
                            2.2761,
                            48.8053
                        ],
                        [
                            2.2799,
                            48.8109
                        ],
                        [
                            2.2852,
                            48.8106
                        ],
                        [
                            2.2905,
                            48.809
                        ],
                        [
                            2.298,
                            48.8121
                        ],
                        [
                            2.3001,
                            48.8113
                        ],
                        [
                            2.3027,
                            48.8111
                        ]
                    ]
                ]
            }
        },
        {
            "type": "Feature",
            "properties": {
                "code": "92022",
                "nom": "Chaville",
                "departement": "92",
                "region": "11",
                "epci": "200054781",
                "stationCount": 3
            },
            "geometry": {
                "type": "Polygon",
                "coordinates": [
                    [
                        [
                            2.1785,
                            48.8149
                        ],
                        [
                            2.1898,
                            48.8158
                        ],
                        [
                            2.1979,
                            48.8209
                        ],
                        [
                            2.2003,
                            48.8191
                        ],
                        [
                            2.199,
                            48.8165
                        ],
                        [
                            2.1967,
                            48.8151
                        ],
                        [
                            2.2056,
                            48.8092
                        ],
                        [
                            2.2045,
                            48.8027
                        ],
                        [
                            2.206,
                            48.7999
                        ],
                        [
                            2.2026,
                            48.7984
                        ],
                        [
                            2.1987,
                            48.7985
                        ],
                        [
                            2.1965,
                            48.7976
                        ],
                        [
                            2.1829,
                            48.7972
                        ],
                        [
                            2.187,
                            48.8007
                        ],
                        [
                            2.182,
                            48.8006
                        ],
                        [
                            2.1804,
                            48.8048
                        ],
                        [
                            2.1831,
                            48.8053
                        ],
                        [
                            2.1804,
                            48.8082
                        ],
                        [
                            2.1764,
                            48.8109
                        ],
                        [
                            2.1767,
                            48.814
                        ],
                        [
                            2.1785,
                            48.8149
                        ]
                    ]
                ]
            }
        },
        {
            "type": "Feature",
            "properties": {
                "code": "92023",
                "nom": "Clamart",
                "departement": "92",
                "region": "11",
                "epci": "200054781",
                "stationCount": 3
            },
            "geometry": {
                "type": "Polygon",
                "coordinates": [
                    [
                        [
                            2.2266,
                            48.7761
                        ],
                        [
                            2.2241,
                            48.7778
                        ],
                        [
                            2.2237,
                            48.7806
                        ],
                        [
                            2.2266,
                            48.7816
                        ],
                        [
                            2.2348,
                            48.7845
                        ],
                        [
                            2.2365,
                            48.789
                        ],
                        [
                            2.2348,
                            48.7954
                        ],
                        [
                            2.2388,
                            48.7978
                        ],
                        [
                            2.2423,
                            48.8034
                        ],
                        [
                            2.2451,
                            48.8047
                        ],
                        [
                            2.2483,
                            48.8039
                        ],
                        [
                            2.2504,
                            48.8079
                        ],
                        [
                            2.255,
                            48.8101
                        ],
                        [
                            2.2543,
                            48.8143
                        ],
                        [
                            2.2519,
                            48.8164
                        ],
                        [
                            2.2565,
                            48.817
                        ],
                        [
                            2.2615,
                            48.8133
                        ],
                        [
                            2.2726,
                            48.8144
                        ],
                        [
                            2.2772,
                            48.8153
                        ],
                        [
                            2.2782,
                            48.8142
                        ],
                        [
                            2.2745,
                            48.8134
                        ],
                        [
                            2.2799,
                            48.8109
                        ],
                        [
                            2.2761,
                            48.8053
                        ],
                        [
                            2.2731,
                            48.8019
                        ],
                        [
                            2.2775,
                            48.8015
                        ],
                        [
                            2.2764,
                            48.7977
                        ],
                        [
                            2.2714,
                            48.7949
                        ],
                        [
                            2.2722,
                            48.7941
                        ],
                        [
                            2.2717,
                            48.7905
                        ],
                        [
                            2.2637,
                            48.7883
                        ],
                        [
                            2.2556,
                            48.7852
                        ],
                        [
                            2.2507,
                            48.7845
                        ],
                        [
                            2.2484,
                            48.7825
                        ],
                        [
                            2.2463,
                            48.7791
                        ],
                        [
                            2.2403,
                            48.7798
                        ],
                        [
                            2.2392,
                            48.7762
                        ],
                        [
                            2.2375,
                            48.7763
                        ],
                        [
                            2.2304,
                            48.7768
                        ],
                        [
                            2.2288,
                            48.7745
                        ],
                        [
                            2.2266,
                            48.7761
                        ]
                    ]
                ]
            }
        },
        {
            "type": "Feature",
            "properties": {
                "code": "92024",
                "nom": "Clichy",
                "departement": "92",
                "region": "11",
                "epci": "200054781",
                "stationCount": 13
            },
            "geometry": {
                "type": "Polygon",
                "coordinates": [
                    [
                        [
                            2.3138,
                            48.914
                        ],
                        [
                            2.3209,
                            48.9046
                        ],
                        [
                            2.3199,
                            48.9005
                        ],
                        [
                            2.3125,
                            48.8978
                        ],
                        [
                            2.3038,
                            48.8942
                        ],
                        [
                            2.2874,
                            48.9036
                        ],
                        [
                            2.2923,
                            48.906
                        ],
                        [
                            2.2951,
                            48.9082
                        ],
                        [
                            2.3023,
                            48.9112
                        ],
                        [
                            2.3075,
                            48.9122
                        ],
                        [
                            2.3138,
                            48.914
                        ]
                    ]
                ]
            }
        },
        {
            "type": "Feature",
            "properties": {
                "code": "92025",
                "nom": "Colombes",
                "departement": "92",
                "region": "11",
                "epci": "200054781",
                "stationCount": 6
            },
            "geometry": {
                "type": "Polygon",
                "coordinates": [
                    [
                        [
                            2.2204,
                            48.9206
                        ],
                        [
                            2.2311,
                            48.9277
                        ],
                        [
                            2.2418,
                            48.9329
                        ],
                        [
                            2.2476,
                            48.9367
                        ],
                        [
                            2.251,
                            48.9359
                        ],
                        [
                            2.2581,
                            48.9376
                        ],
                        [
                            2.2625,
                            48.9355
                        ],
                        [
                            2.273,
                            48.9338
                        ],
                        [
                            2.2724,
                            48.9285
                        ],
                        [
                            2.2733,
                            48.9268
                        ],
                        [
                            2.2698,
                            48.9247
                        ],
                        [
                            2.2672,
                            48.9195
                        ],
                        [
                            2.2632,
                            48.9202
                        ],
                        [
                            2.2616,
                            48.9139
                        ],
                        [
                            2.2574,
                            48.9136
                        ],
                        [
                            2.2531,
                            48.9133
                        ],
                        [
                            2.2474,
                            48.912
                        ],
                        [
                            2.2291,
                            48.906
                        ],
                        [
                            2.2291,
                            48.9083
                        ],
                        [
                            2.2266,
                            48.9121
                        ],
                        [
                            2.2221,
                            48.9165
                        ],
                        [
                            2.2241,
                            48.918
                        ],
                        [
                            2.2204,
                            48.9206
                        ]
                    ]
                ]
            }
        },
        {
            "type": "Feature",
            "properties": {
                "code": "92026",
                "nom": "Courbevoie",
                "departement": "92",
                "region": "11",
                "epci": "200054781",
                "stationCount": 7
            },
            "geometry": {
                "type": "Polygon",
                "coordinates": [
                    [
                        [
                            2.2338,
                            48.8957
                        ],
                        [
                            2.2306,
                            48.9003
                        ],
                        [
                            2.2316,
                            48.9007
                        ],
                        [
                            2.2426,
                            48.9028
                        ],
                        [
                            2.2465,
                            48.902
                        ],
                        [
                            2.2559,
                            48.9045
                        ],
                        [
                            2.2582,
                            48.9061
                        ],
                        [
                            2.2614,
                            48.9068
                        ],
                        [
                            2.2633,
                            48.9034
                        ],
                        [
                            2.267,
                            48.9047
                        ],
                        [
                            2.2664,
                            48.9063
                        ],
                        [
                            2.2682,
                            48.906
                        ],
                        [
                            2.2743,
                            48.9083
                        ],
                        [
                            2.2801,
                            48.9036
                        ],
                        [
                            2.2818,
                            48.9046
                        ],
                        [
                            2.2843,
                            48.9023
                        ],
                        [
                            2.2711,
                            48.8984
                        ],
                        [
                            2.2643,
                            48.8955
                        ],
                        [
                            2.2538,
                            48.8869
                        ],
                        [
                            2.2412,
                            48.8909
                        ],
                        [
                            2.2407,
                            48.8944
                        ],
                        [
                            2.2338,
                            48.8957
                        ]
                    ]
                ]
            }
        },
        {
            "type": "Feature",
            "properties": {
                "code": "92032",
                "nom": "Fontenay-aux-Roses",
                "departement": "92",
                "region": "11",
                "epci": "200054781",
                "stationCount": 4
            },
            "geometry": {
                "type": "Polygon",
                "coordinates": [
                    [
                        [
                            2.2717,
                            48.7905
                        ],
                        [
                            2.2722,
                            48.7941
                        ],
                        [
                            2.2767,
                            48.7959
                        ],
                        [
                            2.2805,
                            48.795
                        ],
                        [
                            2.2865,
                            48.7961
                        ],
                        [
                            2.2879,
                            48.7945
                        ],
                        [
                            2.2922,
                            48.796
                        ],
                        [
                            2.2962,
                            48.7958
                        ],
                        [
                            2.2983,
                            48.7945
                        ],
                        [
                            2.2989,
                            48.7923
                        ],
                        [
                            2.3034,
                            48.7854
                        ],
                        [
                            2.2935,
                            48.7842
                        ],
                        [
                            2.2876,
                            48.7825
                        ],
                        [
                            2.282,
                            48.7832
                        ],
                        [
                            2.2748,
                            48.7858
                        ],
                        [
                            2.2717,
                            48.7905
                        ]
                    ]
                ]
            }
        },
        {
            "type": "Feature",
            "properties": {
                "code": "92033",
                "nom": "Garches",
                "departement": "92",
                "region": "11",
                "epci": "200054781",
                "stationCount": 5
            },
            "geometry": {
                "type": "Polygon",
                "coordinates": [
                    [
                        [
                            2.1826,
                            48.8516
                        ],
                        [
                            2.1873,
                            48.8526
                        ],
                        [
                            2.1904,
                            48.8521
                        ],
                        [
                            2.1943,
                            48.8561
                        ],
                        [
                            2.1979,
                            48.8548
                        ],
                        [
                            2.2055,
                            48.8518
                        ],
                        [
                            2.2052,
                            48.8511
                        ],
                        [
                            2.198,
                            48.8474
                        ],
                        [
                            2.1988,
                            48.8415
                        ],
                        [
                            2.1876,
                            48.8389
                        ],
                        [
                            2.1872,
                            48.8377
                        ],
                        [
                            2.1864,
                            48.8385
                        ],
                        [
                            2.1764,
                            48.8381
                        ],
                        [
                            2.1719,
                            48.8385
                        ],
                        [
                            2.1667,
                            48.8377
                        ],
                        [
                            2.167,
                            48.8422
                        ],
                        [
                            2.1789,
                            48.8441
                        ],
                        [
                            2.1818,
                            48.8482
                        ],
                        [
                            2.1826,
                            48.8516
                        ]
                    ]
                ]
            }
        },
        {
            "type": "Feature",
            "properties": {
                "code": "92035",
                "nom": "La Garenne-Colombes",
                "departement": "92",
                "region": "11",
                "epci": "200054781",
                "stationCount": 6
            },
            "geometry": {
                "type": "Polygon",
                "coordinates": [
                    [
                        [
                            2.2291,
                            48.906
                        ],
                        [
                            2.2474,
                            48.912
                        ],
                        [
                            2.2531,
                            48.9133
                        ],
                        [
                            2.2574,
                            48.9136
                        ],
                        [
                            2.257,
                            48.9109
                        ],
                        [
                            2.2582,
                            48.9061
                        ],
                        [
                            2.2559,
                            48.9045
                        ],
                        [
                            2.2465,
                            48.902
                        ],
                        [
                            2.2426,
                            48.9028
                        ],
                        [
                            2.2316,
                            48.9007
                        ],
                        [
                            2.2291,
                            48.906
                        ]
                    ]
                ]
            }
        },
        {
            "type": "Feature",
            "properties": {
                "code": "92036",
                "nom": "Gennevilliers",
                "departement": "92",
                "region": "11",
                "epci": "200054781",
                "stationCount": 7
            },
            "geometry": {
                "type": "Polygon",
                "coordinates": [
                    [
                        [
                            2.3284,
                            48.9228
                        ],
                        [
                            2.322,
                            48.9187
                        ],
                        [
                            2.3178,
                            48.9208
                        ],
                        [
                            2.3101,
                            48.9184
                        ],
                        [
                            2.2963,
                            48.9128
                        ],
                        [
                            2.2953,
                            48.9197
                        ],
                        [
                            2.2919,
                            48.9179
                        ],
                        [
                            2.2884,
                            48.9204
                        ],
                        [
                            2.2845,
                            48.9261
                        ],
                        [
                            2.2844,
                            48.9302
                        ],
                        [
                            2.281,
                            48.9331
                        ],
                        [
                            2.273,
                            48.9338
                        ],
                        [
                            2.2625,
                            48.9355
                        ],
                        [
                            2.2581,
                            48.9376
                        ],
                        [
                            2.251,
                            48.9359
                        ],
                        [
                            2.2476,
                            48.9367
                        ],
                        [
                            2.2556,
                            48.9402
                        ],
                        [
                            2.2586,
                            48.9424
                        ],
                        [
                            2.2686,
                            48.9465
                        ],
                        [
                            2.2815,
                            48.9498
                        ],
                        [
                            2.2908,
                            48.9511
                        ],
                        [
                            2.3031,
                            48.95
                        ],
                        [
                            2.3117,
                            48.9479
                        ],
                        [
                            2.3092,
                            48.9403
                        ],
                        [
                            2.319,
                            48.9364
                        ],
                        [
                            2.3222,
                            48.9328
                        ],
                        [
                            2.3184,
                            48.9275
                        ],
                        [
                            2.3254,
                            48.9249
                        ],
                        [
                            2.3284,
                            48.9228
                        ]
                    ]
                ]
            }
        },
        {
            "type": "Feature",
            "properties": {
                "code": "92040",
                "nom": "Issy-les-Moulineaux",
                "departement": "92",
                "region": "11",
                "epci": "200054781",
                "stationCount": 23
            },
            "geometry": {
                "type": "Polygon",
                "coordinates": [
                    [
                        [
                            2.2894,
                            48.8283
                        ],
                        [
                            2.2844,
                            48.8275
                        ],
                        [
                            2.2805,
                            48.8259
                        ],
                        [
                            2.2819,
                            48.8202
                        ],
                        [
                            2.2759,
                            48.8173
                        ],
                        [
                            2.2726,
                            48.8144
                        ],
                        [
                            2.2615,
                            48.8133
                        ],
                        [
                            2.2565,
                            48.817
                        ],
                        [
                            2.2519,
                            48.8164
                        ],
                        [
                            2.2493,
                            48.8178
                        ],
                        [
                            2.2427,
                            48.819
                        ],
                        [
                            2.2361,
                            48.8215
                        ],
                        [
                            2.2391,
                            48.8217
                        ],
                        [
                            2.2491,
                            48.8246
                        ],
                        [
                            2.2517,
                            48.8258
                        ],
                        [
                            2.261,
                            48.832
                        ],
                        [
                            2.2628,
                            48.8339
                        ],
                        [
                            2.2675,
                            48.8346
                        ],
                        [
                            2.2699,
                            48.833
                        ],
                        [
                            2.2673,
                            48.8315
                        ],
                        [
                            2.2676,
                            48.828
                        ],
                        [
                            2.2728,
                            48.8279
                        ],
                        [
                            2.2791,
                            48.8325
                        ],
                        [
                            2.2894,
                            48.8283
                        ]
                    ]
                ]
            }
        },
        {
            "type": "Feature",
            "properties": {
                "code": "92044",
                "nom": "Levallois-Perret",
                "departement": "92",
                "region": "11",
                "epci": "200054781",
                "stationCount": 11
            },
            "geometry": {
                "type": "Polygon",
                "coordinates": [
                    [
                        [
                            2.3038,
                            48.8942
                        ],
                        [
                            2.295,
                            48.8899
                        ],
                        [
                            2.2916,
                            48.8895
                        ],
                        [
                            2.2845,
                            48.8856
                        ],
                        [
                            2.2711,
                            48.8984
                        ],
                        [
                            2.2843,
                            48.9023
                        ],
                        [
                            2.2874,
                            48.9036
                        ],
                        [
                            2.3038,
                            48.8942
                        ]
                    ]
                ]
            }
        },
        {
            "type": "Feature",
            "properties": {
                "code": "92046",
                "nom": "Malakoff",
                "departement": "92",
                "region": "11",
                "epci": "200054781",
                "stationCount": 7
            },
            "geometry": {
                "type": "Polygon",
                "coordinates": [
                    [
                        [
                            2.2799,
                            48.8109
                        ],
                        [
                            2.2745,
                            48.8134
                        ],
                        [
                            2.2782,
                            48.8142
                        ],
                        [
                            2.288,
                            48.8165
                        ],
                        [
                            2.2934,
                            48.8189
                        ],
                        [
                            2.3013,
                            48.8251
                        ],
                        [
                            2.3141,
                            48.8223
                        ],
                        [
                            2.3025,
                            48.8137
                        ],
                        [
                            2.3001,
                            48.8113
                        ],
                        [
                            2.298,
                            48.8121
                        ],
                        [
                            2.2905,
                            48.809
                        ],
                        [
                            2.2852,
                            48.8106
                        ],
                        [
                            2.2799,
                            48.8109
                        ]
                    ]
                ]
            }
        },
        {
            "type": "Feature",
            "properties": {
                "code": "92048",
                "nom": "Meudon",
                "departement": "92",
                "region": "11",
                "epci": "200054781",
                "stationCount": 5
            },
            "geometry": {
                "type": "Polygon",
                "coordinates": [
                    [
                        [
                            2.2326,
                            48.8227
                        ],
                        [
                            2.2361,
                            48.8215
                        ],
                        [
                            2.2427,
                            48.819
                        ],
                        [
                            2.2493,
                            48.8178
                        ],
                        [
                            2.2519,
                            48.8164
                        ],
                        [
                            2.2543,
                            48.8143
                        ],
                        [
                            2.255,
                            48.8101
                        ],
                        [
                            2.2504,
                            48.8079
                        ],
                        [
                            2.2483,
                            48.8039
                        ],
                        [
                            2.2451,
                            48.8047
                        ],
                        [
                            2.2423,
                            48.8034
                        ],
                        [
                            2.2388,
                            48.7978
                        ],
                        [
                            2.2348,
                            48.7954
                        ],
                        [
                            2.2365,
                            48.789
                        ],
                        [
                            2.2348,
                            48.7845
                        ],
                        [
                            2.2266,
                            48.7816
                        ],
                        [
                            2.2233,
                            48.7859
                        ],
                        [
                            2.2192,
                            48.7854
                        ],
                        [
                            2.2115,
                            48.7881
                        ],
                        [
                            2.2116,
                            48.7913
                        ],
                        [
                            2.2099,
                            48.7939
                        ],
                        [
                            2.2045,
                            48.7958
                        ],
                        [
                            2.2026,
                            48.7984
                        ],
                        [
                            2.206,
                            48.7999
                        ],
                        [
                            2.2045,
                            48.8027
                        ],
                        [
                            2.2056,
                            48.8092
                        ],
                        [
                            2.2114,
                            48.8117
                        ],
                        [
                            2.2158,
                            48.8128
                        ],
                        [
                            2.2202,
                            48.8151
                        ],
                        [
                            2.2171,
                            48.8177
                        ],
                        [
                            2.221,
                            48.8196
                        ],
                        [
                            2.2273,
                            48.8237
                        ],
                        [
                            2.2308,
                            48.8216
                        ],
                        [
                            2.2326,
                            48.8227
                        ]
                    ]
                ]
            }
        },
        {
            "type": "Feature",
            "properties": {
                "code": "92049",
                "nom": "Montrouge",
                "departement": "92",
                "region": "11",
                "epci": "200054781",
                "stationCount": 13
            },
            "geometry": {
                "type": "Polygon",
                "coordinates": [
                    [
                        [
                            2.3027,
                            48.8111
                        ],
                        [
                            2.3001,
                            48.8113
                        ],
                        [
                            2.3025,
                            48.8137
                        ],
                        [
                            2.3141,
                            48.8223
                        ],
                        [
                            2.3325,
                            48.8182
                        ],
                        [
                            2.3319,
                            48.817
                        ],
                        [
                            2.3291,
                            48.8138
                        ],
                        [
                            2.3256,
                            48.8096
                        ],
                        [
                            2.3191,
                            48.81
                        ],
                        [
                            2.3175,
                            48.8099
                        ],
                        [
                            2.3027,
                            48.8111
                        ]
                    ]
                ]
            }
        },
        {
            "type": "Feature",
            "properties": {
                "code": "92050",
                "nom": "Nanterre",
                "departement": "92",
                "region": "11",
                "epci": "200054781",
                "stationCount": 8
            },
            "geometry": {
                "type": "Polygon",
                "coordinates": [
                    [
                        [
                            2.1693,
                            48.8958
                        ],
                        [
                            2.1744,
                            48.8991
                        ],
                        [
                            2.1826,
                            48.9025
                        ],
                        [
                            2.192,
                            48.9046
                        ],
                        [
                            2.2005,
                            48.9086
                        ],
                        [
                            2.206,
                            48.9108
                        ],
                        [
                            2.2112,
                            48.914
                        ],
                        [
                            2.2142,
                            48.9166
                        ],
                        [
                            2.2204,
                            48.9206
                        ],
                        [
                            2.2241,
                            48.918
                        ],
                        [
                            2.2221,
                            48.9165
                        ],
                        [
                            2.2266,
                            48.9121
                        ],
                        [
                            2.2291,
                            48.9083
                        ],
                        [
                            2.2291,
                            48.906
                        ],
                        [
                            2.2316,
                            48.9007
                        ],
                        [
                            2.2306,
                            48.9003
                        ],
                        [
                            2.2338,
                            48.8957
                        ],
                        [
                            2.2343,
                            48.8951
                        ],
                        [
                            2.2301,
                            48.8911
                        ],
                        [
                            2.2304,
                            48.8894
                        ],
                        [
                            2.2245,
                            48.8854
                        ],
                        [
                            2.2236,
                            48.8828
                        ],
                        [
                            2.2164,
                            48.8781
                        ],
                        [
                            2.2078,
                            48.8742
                        ],
                        [
                            2.1999,
                            48.8796
                        ],
                        [
                            2.1901,
                            48.8853
                        ],
                        [
                            2.1801,
                            48.8904
                        ],
                        [
                            2.1761,
                            48.892
                        ],
                        [
                            2.1693,
                            48.8958
                        ]
                    ]
                ]
            }
        },
        {
            "type": "Feature",
            "properties": {
                "code": "92051",
                "nom": "Neuilly-sur-Seine",
                "departement": "92",
                "region": "11",
                "epci": "200054781",
                "stationCount": 12
            },
            "geometry": {
                "type": "Polygon",
                "coordinates": [
                    [
                        [
                            2.2457,
                            48.8765
                        ],
                        [
                            2.251,
                            48.8812
                        ],
                        [
                            2.2544,
                            48.8849
                        ],
                        [
                            2.2538,
                            48.8869
                        ],
                        [
                            2.2643,
                            48.8955
                        ],
                        [
                            2.2711,
                            48.8984
                        ],
                        [
                            2.2845,
                            48.8856
                        ],
                        [
                            2.2809,
                            48.8828
                        ],
                        [
                            2.2799,
                            48.8786
                        ],
                        [
                            2.2775,
                            48.878
                        ],
                        [
                            2.2585,
                            48.8804
                        ],
                        [
                            2.2548,
                            48.8741
                        ],
                        [
                            2.2457,
                            48.8765
                        ]
                    ]
                ]
            }
        },
        {
            "type": "Feature",
            "properties": {
                "code": "92062",
                "nom": "Puteaux",
                "departement": "92",
                "region": "11",
                "epci": "200054781",
                "stationCount": 3
            },
            "geometry": {
                "type": "Polygon",
                "coordinates": [
                    [
                        [
                            2.2538,
                            48.8869
                        ],
                        [
                            2.2544,
                            48.8849
                        ],
                        [
                            2.251,
                            48.8812
                        ],
                        [
                            2.2457,
                            48.8765
                        ],
                        [
                            2.2403,
                            48.872
                        ],
                        [
                            2.2317,
                            48.8691
                        ],
                        [
                            2.2368,
                            48.8735
                        ],
                        [
                            2.2319,
                            48.8759
                        ],
                        [
                            2.2364,
                            48.8796
                        ],
                        [
                            2.2306,
                            48.8799
                        ],
                        [
                            2.2236,
                            48.8828
                        ],
                        [
                            2.2245,
                            48.8854
                        ],
                        [
                            2.2304,
                            48.8894
                        ],
                        [
                            2.2301,
                            48.8911
                        ],
                        [
                            2.2343,
                            48.8951
                        ],
                        [
                            2.2338,
                            48.8957
                        ],
                        [
                            2.2407,
                            48.8944
                        ],
                        [
                            2.2412,
                            48.8909
                        ],
                        [
                            2.2538,
                            48.8869
                        ]
                    ]
                ]
            }
        },
        {
            "type": "Feature",
            "properties": {
                "code": "92063",
                "nom": "Rueil-Malmaison",
                "departement": "92",
                "region": "11",
                "epci": "200054781",
                "stationCount": 10
            },
            "geometry": {
                "type": "Polygon",
                "coordinates": [
                    [
                        [
                            2.1504,
                            48.8709
                        ],
                        [
                            2.1522,
                            48.8725
                        ],
                        [
                            2.1583,
                            48.8806
                        ],
                        [
                            2.1633,
                            48.8829
                        ],
                        [
                            2.1629,
                            48.8873
                        ],
                        [
                            2.1693,
                            48.8958
                        ],
                        [
                            2.1761,
                            48.892
                        ],
                        [
                            2.1801,
                            48.8904
                        ],
                        [
                            2.1901,
                            48.8853
                        ],
                        [
                            2.1999,
                            48.8796
                        ],
                        [
                            2.2078,
                            48.8742
                        ],
                        [
                            2.2113,
                            48.8689
                        ],
                        [
                            2.2078,
                            48.8644
                        ],
                        [
                            2.2021,
                            48.8662
                        ],
                        [
                            2.1998,
                            48.8614
                        ],
                        [
                            2.2036,
                            48.8606
                        ],
                        [
                            2.2025,
                            48.8584
                        ],
                        [
                            2.1979,
                            48.8548
                        ],
                        [
                            2.1943,
                            48.8561
                        ],
                        [
                            2.1904,
                            48.8521
                        ],
                        [
                            2.1873,
                            48.8526
                        ],
                        [
                            2.1826,
                            48.8516
                        ],
                        [
                            2.1766,
                            48.8516
                        ],
                        [
                            2.1736,
                            48.8501
                        ],
                        [
                            2.1693,
                            48.8497
                        ],
                        [
                            2.1599,
                            48.8476
                        ],
                        [
                            2.1591,
                            48.8493
                        ],
                        [
                            2.1544,
                            48.8528
                        ],
                        [
                            2.1501,
                            48.857
                        ],
                        [
                            2.1533,
                            48.8614
                        ],
                        [
                            2.1538,
                            48.8644
                        ],
                        [
                            2.1573,
                            48.8689
                        ],
                        [
                            2.1521,
                            48.8682
                        ],
                        [
                            2.1485,
                            48.8685
                        ],
                        [
                            2.1504,
                            48.8709
                        ]
                    ]
                ]
            }
        },
        {
            "type": "Feature",
            "properties": {
                "code": "92064",
                "nom": "Saint-Cloud",
                "departement": "92",
                "region": "11",
                "epci": "200054781",
                "stationCount": 3
            },
            "geometry": {
                "type": "Polygon",
                "coordinates": [
                    [
                        [
                            2.1808,
                            48.8306
                        ],
                        [
                            2.1853,
                            48.8339
                        ],
                        [
                            2.1872,
                            48.8377
                        ],
                        [
                            2.1876,
                            48.8389
                        ],
                        [
                            2.1988,
                            48.8415
                        ],
                        [
                            2.198,
                            48.8474
                        ],
                        [
                            2.2052,
                            48.8511
                        ],
                        [
                            2.2055,
                            48.8518
                        ],
                        [
                            2.1979,
                            48.8548
                        ],
                        [
                            2.2025,
                            48.8584
                        ],
                        [
                            2.2036,
                            48.8606
                        ],
                        [
                            2.2062,
                            48.8603
                        ],
                        [
                            2.2126,
                            48.8617
                        ],
                        [
                            2.2137,
                            48.8593
                        ],
                        [
                            2.2215,
                            48.86
                        ],
                        [
                            2.2257,
                            48.8594
                        ],
                        [
                            2.2242,
                            48.8535
                        ],
                        [
                            2.2255,
                            48.8497
                        ],
                        [
                            2.2253,
                            48.8463
                        ],
                        [
                            2.223,
                            48.8396
                        ],
                        [
                            2.224,
                            48.8351
                        ],
                        [
                            2.2221,
                            48.8354
                        ],
                        [
                            2.2224,
                            48.8315
                        ],
                        [
                            2.2238,
                            48.8297
                        ],
                        [
                            2.2181,
                            48.8274
                        ],
                        [
                            2.211,
                            48.8276
                        ],
                        [
                            2.2069,
                            48.8289
                        ],
                        [
                            2.1994,
                            48.8298
                        ],
                        [
                            2.1848,
                            48.8289
                        ],
                        [
                            2.1808,
                            48.8306
                        ]
                    ]
                ]
            }
        },
        {
            "type": "Feature",
            "properties": {
                "code": "92071",
                "nom": "Sceaux",
                "departement": "92",
                "region": "11",
                "epci": "200054781",
                "stationCount": 4
            },
            "geometry": {
                "type": "Polygon",
                "coordinates": [
                    [
                        [
                            2.2795,
                            48.7825
                        ],
                        [
                            2.282,
                            48.7832
                        ],
                        [
                            2.2876,
                            48.7825
                        ],
                        [
                            2.2935,
                            48.7842
                        ],
                        [
                            2.3034,
                            48.7854
                        ],
                        [
                            2.3097,
                            48.7849
                        ],
                        [
                            2.3069,
                            48.7775
                        ],
                        [
                            2.3143,
                            48.7768
                        ],
                        [
                            2.3124,
                            48.7721
                        ],
                        [
                            2.3118,
                            48.7707
                        ],
                        [
                            2.3074,
                            48.7708
                        ],
                        [
                            2.3066,
                            48.7692
                        ],
                        [
                            2.2903,
                            48.7666
                        ],
                        [
                            2.2863,
                            48.7713
                        ],
                        [
                            2.2863,
                            48.7742
                        ],
                        [
                            2.2815,
                            48.7745
                        ],
                        [
                            2.2783,
                            48.7765
                        ],
                        [
                            2.2804,
                            48.7802
                        ],
                        [
                            2.2795,
                            48.7825
                        ]
                    ]
                ]
            }
        },
        {
            "type": "Feature",
            "properties": {
                "code": "92072",
                "nom": "Sèvres",
                "departement": "92",
                "region": "11",
                "epci": "200054781",
                "stationCount": 6
            },
            "geometry": {
                "type": "Polygon",
                "coordinates": [
                    [
                        [
                            2.1785,
                            48.8149
                        ],
                        [
                            2.1816,
                            48.8178
                        ],
                        [
                            2.1849,
                            48.8177
                        ],
                        [
                            2.1928,
                            48.8215
                        ],
                        [
                            2.1989,
                            48.8222
                        ],
                        [
                            2.2009,
                            48.824
                        ],
                        [
                            2.1982,
                            48.826
                        ],
                        [
                            2.1994,
                            48.8298
                        ],
                        [
                            2.2069,
                            48.8289
                        ],
                        [
                            2.211,
                            48.8276
                        ],
                        [
                            2.2181,
                            48.8274
                        ],
                        [
                            2.2238,
                            48.8297
                        ],
                        [
                            2.2224,
                            48.8315
                        ],
                        [
                            2.2221,
                            48.8354
                        ],
                        [
                            2.224,
                            48.8351
                        ],
                        [
                            2.2259,
                            48.8327
                        ],
                        [
                            2.2276,
                            48.8268
                        ],
                        [
                            2.2326,
                            48.8227
                        ],
                        [
                            2.2308,
                            48.8216
                        ],
                        [
                            2.2273,
                            48.8237
                        ],
                        [
                            2.221,
                            48.8196
                        ],
                        [
                            2.2171,
                            48.8177
                        ],
                        [
                            2.2202,
                            48.8151
                        ],
                        [
                            2.2158,
                            48.8128
                        ],
                        [
                            2.2114,
                            48.8117
                        ],
                        [
                            2.2056,
                            48.8092
                        ],
                        [
                            2.1967,
                            48.8151
                        ],
                        [
                            2.199,
                            48.8165
                        ],
                        [
                            2.2003,
                            48.8191
                        ],
                        [
                            2.1979,
                            48.8209
                        ],
                        [
                            2.1898,
                            48.8158
                        ],
                        [
                            2.1785,
                            48.8149
                        ]
                    ]
                ]
            }
        },
        {
            "type": "Feature",
            "properties": {
                "code": "92073",
                "nom": "Suresnes",
                "departement": "92",
                "region": "11",
                "epci": "200054781",
                "stationCount": 10
            },
            "geometry": {
                "type": "Polygon",
                "coordinates": [
                    [
                        [
                            2.2317,
                            48.8691
                        ],
                        [
                            2.2284,
                            48.8654
                        ],
                        [
                            2.2257,
                            48.8594
                        ],
                        [
                            2.2215,
                            48.86
                        ],
                        [
                            2.2137,
                            48.8593
                        ],
                        [
                            2.2126,
                            48.8617
                        ],
                        [
                            2.2062,
                            48.8603
                        ],
                        [
                            2.2036,
                            48.8606
                        ],
                        [
                            2.1998,
                            48.8614
                        ],
                        [
                            2.2021,
                            48.8662
                        ],
                        [
                            2.2078,
                            48.8644
                        ],
                        [
                            2.2113,
                            48.8689
                        ],
                        [
                            2.2078,
                            48.8742
                        ],
                        [
                            2.2164,
                            48.8781
                        ],
                        [
                            2.2236,
                            48.8828
                        ],
                        [
                            2.2306,
                            48.8799
                        ],
                        [
                            2.2364,
                            48.8796
                        ],
                        [
                            2.2319,
                            48.8759
                        ],
                        [
                            2.2368,
                            48.8735
                        ],
                        [
                            2.2317,
                            48.8691
                        ]
                    ]
                ]
            }
        },
        {
            "type": "Feature",
            "properties": {
                "code": "92075",
                "nom": "Vanves",
                "departement": "92",
                "region": "11",
                "epci": "200054781",
                "stationCount": 7
            },
            "geometry": {
                "type": "Polygon",
                "coordinates": [
                    [
                        [
                            2.3013,
                            48.8251
                        ],
                        [
                            2.2934,
                            48.8189
                        ],
                        [
                            2.288,
                            48.8165
                        ],
                        [
                            2.2782,
                            48.8142
                        ],
                        [
                            2.2772,
                            48.8153
                        ],
                        [
                            2.2726,
                            48.8144
                        ],
                        [
                            2.2759,
                            48.8173
                        ],
                        [
                            2.2819,
                            48.8202
                        ],
                        [
                            2.2805,
                            48.8259
                        ],
                        [
                            2.2844,
                            48.8275
                        ],
                        [
                            2.2894,
                            48.8283
                        ],
                        [
                            2.2922,
                            48.8271
                        ],
                        [
                            2.3013,
                            48.8251
                        ]
                    ]
                ]
            }
        },
        {
            "type": "Feature",
            "properties": {
                "code": "92077",
                "nom": "Ville-d'Avray",
                "departement": "92",
                "region": "11",
                "epci": "200054781",
                "stationCount": 2
            },
            "geometry": {
                "type": "Polygon",
                "coordinates": [
                    [
                        [
                            2.1767,
                            48.814
                        ],
                        [
                            2.1748,
                            48.8151
                        ],
                        [
                            2.1693,
                            48.8159
                        ],
                        [
                            2.1665,
                            48.8123
                        ],
                        [
                            2.1613,
                            48.8128
                        ],
                        [
                            2.1516,
                            48.817
                        ],
                        [
                            2.1507,
                            48.8188
                        ],
                        [
                            2.1528,
                            48.8211
                        ],
                        [
                            2.1594,
                            48.8209
                        ],
                        [
                            2.1618,
                            48.8237
                        ],
                        [
                            2.1649,
                            48.8232
                        ],
                        [
                            2.1739,
                            48.8243
                        ],
                        [
                            2.1762,
                            48.8281
                        ],
                        [
                            2.1808,
                            48.8306
                        ],
                        [
                            2.1848,
                            48.8289
                        ],
                        [
                            2.1994,
                            48.8298
                        ],
                        [
                            2.1982,
                            48.826
                        ],
                        [
                            2.2009,
                            48.824
                        ],
                        [
                            2.1989,
                            48.8222
                        ],
                        [
                            2.1928,
                            48.8215
                        ],
                        [
                            2.1849,
                            48.8177
                        ],
                        [
                            2.1816,
                            48.8178
                        ],
                        [
                            2.1785,
                            48.8149
                        ],
                        [
                            2.1767,
                            48.814
                        ]
                    ]
                ]
            }
        },
        {
            "type": "Feature",
            "properties": {
                "code": "92078",
                "nom": "Villeneuve-la-Garenne",
                "departement": "92",
                "region": "11",
                "epci": "200054781",
                "stationCount": 3
            },
            "geometry": {
                "type": "Polygon",
                "coordinates": [
                    [
                        [
                            2.3284,
                            48.9228
                        ],
                        [
                            2.3254,
                            48.9249
                        ],
                        [
                            2.3184,
                            48.9275
                        ],
                        [
                            2.3222,
                            48.9328
                        ],
                        [
                            2.319,
                            48.9364
                        ],
                        [
                            2.3092,
                            48.9403
                        ],
                        [
                            2.3117,
                            48.9479
                        ],
                        [
                            2.3241,
                            48.946
                        ],
                        [
                            2.3295,
                            48.9446
                        ],
                        [
                            2.3332,
                            48.9429
                        ],
                        [
                            2.3354,
                            48.9409
                        ],
                        [
                            2.337,
                            48.9354
                        ],
                        [
                            2.3364,
                            48.9323
                        ],
                        [
                            2.3336,
                            48.9275
                        ],
                        [
                            2.3284,
                            48.9228
                        ]
                    ]
                ]
            }
        },
        {
            "type": "Feature",
            "properties": {
                "code": "93001",
                "nom": "Aubervilliers",
                "departement": "93",
                "region": "11",
                "epci": "200054781",
                "stationCount": 13
            },
            "geometry": {
                "type": "Polygon",
                "coordinates": [
                    [
                        [
                            2.3703,
                            48.9018
                        ],
                        [
                            2.3656,
                            48.9018
                        ],
                        [
                            2.3657,
                            48.9092
                        ],
                        [
                            2.3667,
                            48.9154
                        ],
                        [
                            2.3667,
                            48.9235
                        ],
                        [
                            2.3683,
                            48.9245
                        ],
                        [
                            2.372,
                            48.9225
                        ],
                        [
                            2.3748,
                            48.9238
                        ],
                        [
                            2.3788,
                            48.9216
                        ],
                        [
                            2.38,
                            48.9198
                        ],
                        [
                            2.3865,
                            48.9192
                        ],
                        [
                            2.3898,
                            48.92
                        ],
                        [
                            2.3923,
                            48.9226
                        ],
                        [
                            2.3945,
                            48.9217
                        ],
                        [
                            2.3986,
                            48.9225
                        ],
                        [
                            2.4018,
                            48.9217
                        ],
                        [
                            2.4039,
                            48.9195
                        ],
                        [
                            2.4076,
                            48.918
                        ],
                        [
                            2.4044,
                            48.915
                        ],
                        [
                            2.4075,
                            48.9139
                        ],
                        [
                            2.4115,
                            48.9113
                        ],
                        [
                            2.4083,
                            48.9081
                        ],
                        [
                            2.4061,
                            48.9085
                        ],
                        [
                            2.4004,
                            48.9113
                        ],
                        [
                            2.3893,
                            48.9012
                        ],
                        [
                            2.3845,
                            48.9021
                        ],
                        [
                            2.3703,
                            48.9018
                        ]
                    ]
                ]
            }
        },
        {
            "type": "Feature",
            "properties": {
                "code": "93006",
                "nom": "Bagnolet",
                "departement": "93",
                "region": "11",
                "epci": "200054781",
                "stationCount": 8
            },
            "geometry": {
                "type": "Polygon",
                "coordinates": [
                    [
                        [
                            2.4134,
                            48.8731
                        ],
                        [
                            2.4158,
                            48.8751
                        ],
                        [
                            2.4219,
                            48.8783
                        ],
                        [
                            2.4298,
                            48.8783
                        ],
                        [
                            2.433,
                            48.879
                        ],
                        [
                            2.4371,
                            48.8773
                        ],
                        [
                            2.4354,
                            48.8746
                        ],
                        [
                            2.4305,
                            48.8707
                        ],
                        [
                            2.4296,
                            48.8676
                        ],
                        [
                            2.4278,
                            48.8664
                        ],
                        [
                            2.4287,
                            48.8636
                        ],
                        [
                            2.4239,
                            48.8627
                        ],
                        [
                            2.4225,
                            48.8609
                        ],
                        [
                            2.4234,
                            48.8573
                        ],
                        [
                            2.4153,
                            48.8552
                        ],
                        [
                            2.414,
                            48.8647
                        ],
                        [
                            2.4134,
                            48.8731
                        ]
                    ]
                ]
            }
        },
        {
            "type": "Feature",
            "properties": {
                "code": "93008",
                "nom": "Bobigny",
                "departement": "93",
                "region": "11",
                "epci": "200054781",
                "stationCount": 6
            },
            "geometry": {
                "type": "Polygon",
                "coordinates": [
                    [
                        [
                            2.4101,
                            48.9166
                        ],
                        [
                            2.4135,
                            48.9194
                        ],
                        [
                            2.4197,
                            48.9171
                        ],
                        [
                            2.4369,
                            48.9131
                        ],
                        [
                            2.4411,
                            48.9153
                        ],
                        [
                            2.4499,
                            48.9131
                        ],
                        [
                            2.4559,
                            48.9104
                        ],
                        [
                            2.4636,
                            48.9121
                        ],
                        [
                            2.4677,
                            48.9146
                        ],
                        [
                            2.4755,
                            48.9164
                        ],
                        [
                            2.4762,
                            48.9132
                        ],
                        [
                            2.4702,
                            48.905
                        ],
                        [
                            2.4621,
                            48.9054
                        ],
                        [
                            2.4616,
                            48.9022
                        ],
                        [
                            2.4417,
                            48.8984
                        ],
                        [
                            2.4277,
                            48.8959
                        ],
                        [
                            2.4242,
                            48.8967
                        ],
                        [
                            2.4213,
                            48.9021
                        ],
                        [
                            2.4116,
                            48.9062
                        ],
                        [
                            2.4146,
                            48.9089
                        ],
                        [
                            2.4153,
                            48.912
                        ],
                        [
                            2.4129,
                            48.9154
                        ],
                        [
                            2.4101,
                            48.9166
                        ]
                    ]
                ]
            }
        },
        {
            "type": "Feature",
            "properties": {
                "code": "93027",
                "nom": "La Courneuve",
                "departement": "93",
                "region": "11",
                "epci": "200054781",
                "stationCount": 3
            },
            "geometry": {
                "type": "Polygon",
                "coordinates": [
                    [
                        [
                            2.4135,
                            48.9194
                        ],
                        [
                            2.4101,
                            48.9166
                        ],
                        [
                            2.4076,
                            48.918
                        ],
                        [
                            2.4039,
                            48.9195
                        ],
                        [
                            2.4018,
                            48.9217
                        ],
                        [
                            2.3986,
                            48.9225
                        ],
                        [
                            2.3945,
                            48.9217
                        ],
                        [
                            2.3923,
                            48.9226
                        ],
                        [
                            2.3898,
                            48.92
                        ],
                        [
                            2.3865,
                            48.9192
                        ],
                        [
                            2.38,
                            48.9198
                        ],
                        [
                            2.3788,
                            48.9216
                        ],
                        [
                            2.3748,
                            48.9238
                        ],
                        [
                            2.3778,
                            48.9253
                        ],
                        [
                            2.3751,
                            48.9277
                        ],
                        [
                            2.3776,
                            48.9318
                        ],
                        [
                            2.3825,
                            48.9308
                        ],
                        [
                            2.3833,
                            48.9328
                        ],
                        [
                            2.3847,
                            48.9403
                        ],
                        [
                            2.3961,
                            48.9455
                        ],
                        [
                            2.3982,
                            48.9482
                        ],
                        [
                            2.4041,
                            48.9515
                        ],
                        [
                            2.4092,
                            48.946
                        ],
                        [
                            2.4173,
                            48.9414
                        ],
                        [
                            2.4176,
                            48.9399
                        ],
                        [
                            2.4158,
                            48.9373
                        ],
                        [
                            2.4177,
                            48.9337
                        ],
                        [
                            2.4125,
                            48.9327
                        ],
                        [
                            2.4161,
                            48.9304
                        ],
                        [
                            2.4199,
                            48.9293
                        ],
                        [
                            2.4226,
                            48.93
                        ],
                        [
                            2.4163,
                            48.9218
                        ],
                        [
                            2.4135,
                            48.9194
                        ]
                    ]
                ]
            }
        },
        {
            "type": "Feature",
            "properties": {
                "code": "93039",
                "nom": "L'Île-Saint-Denis",
                "departement": "93",
                "region": "11",
                "epci": "200054781",
                "stationCount": 1
            },
            "geometry": {
                "type": "Polygon",
                "coordinates": [
                    [
                        [
                            2.2908,
                            48.9511
                        ],
                        [
                            2.2922,
                            48.9515
                        ],
                        [
                            2.3006,
                            48.952
                        ],
                        [
                            2.3144,
                            48.9501
                        ],
                        [
                            2.3234,
                            48.9483
                        ],
                        [
                            2.3355,
                            48.9447
                        ],
                        [
                            2.3383,
                            48.9426
                        ],
                        [
                            2.3415,
                            48.9368
                        ],
                        [
                            2.3416,
                            48.9338
                        ],
                        [
                            2.339,
                            48.929
                        ],
                        [
                            2.3332,
                            48.9232
                        ],
                        [
                            2.3284,
                            48.9185
                        ],
                        [
                            2.3198,
                            48.9159
                        ],
                        [
                            2.322,
                            48.9187
                        ],
                        [
                            2.3284,
                            48.9228
                        ],
                        [
                            2.3336,
                            48.9275
                        ],
                        [
                            2.3364,
                            48.9323
                        ],
                        [
                            2.337,
                            48.9354
                        ],
                        [
                            2.3354,
                            48.9409
                        ],
                        [
                            2.3332,
                            48.9429
                        ],
                        [
                            2.3295,
                            48.9446
                        ],
                        [
                            2.3241,
                            48.946
                        ],
                        [
                            2.3117,
                            48.9479
                        ],
                        [
                            2.3031,
                            48.95
                        ],
                        [
                            2.2908,
                            48.9511
                        ]
                    ]
                ]
            }
        },
        {
            "type": "Feature",
            "properties": {
                "code": "93045",
                "nom": "Les Lilas",
                "departement": "93",
                "region": "11",
                "epci": "200054781",
                "stationCount": 6
            },
            "geometry": {
                "type": "Polygon",
                "coordinates": [
                    [
                        [
                            2.4298,
                            48.8783
                        ],
                        [
                            2.4219,
                            48.8783
                        ],
                        [
                            2.4158,
                            48.8751
                        ],
                        [
                            2.4134,
                            48.8731
                        ],
                        [
                            2.4108,
                            48.8784
                        ],
                        [
                            2.4119,
                            48.8788
                        ],
                        [
                            2.4115,
                            48.8832
                        ],
                        [
                            2.4173,
                            48.884
                        ],
                        [
                            2.4224,
                            48.8876
                        ],
                        [
                            2.4244,
                            48.891
                        ],
                        [
                            2.4265,
                            48.8883
                        ],
                        [
                            2.4267,
                            48.8859
                        ],
                        [
                            2.4245,
                            48.8831
                        ],
                        [
                            2.4291,
                            48.8826
                        ],
                        [
                            2.4284,
                            48.8802
                        ],
                        [
                            2.4298,
                            48.8783
                        ]
                    ]
                ]
            }
        },
        {
            "type": "Feature",
            "properties": {
                "code": "93048",
                "nom": "Montreuil",
                "departement": "93",
                "region": "11",
                "epci": "200054781",
                "stationCount": 21
            },
            "geometry": {
                "type": "Polygon",
                "coordinates": [
                    [
                        [
                            2.419,
                            48.8494
                        ],
                        [
                            2.4163,
                            48.8492
                        ],
                        [
                            2.4153,
                            48.8552
                        ],
                        [
                            2.4234,
                            48.8573
                        ],
                        [
                            2.4225,
                            48.8609
                        ],
                        [
                            2.4239,
                            48.8627
                        ],
                        [
                            2.4287,
                            48.8636
                        ],
                        [
                            2.4278,
                            48.8664
                        ],
                        [
                            2.4296,
                            48.8676
                        ],
                        [
                            2.4305,
                            48.8707
                        ],
                        [
                            2.4354,
                            48.8746
                        ],
                        [
                            2.4386,
                            48.8713
                        ],
                        [
                            2.444,
                            48.872
                        ],
                        [
                            2.4466,
                            48.873
                        ],
                        [
                            2.4493,
                            48.8769
                        ],
                        [
                            2.4518,
                            48.8785
                        ],
                        [
                            2.4649,
                            48.8781
                        ],
                        [
                            2.4703,
                            48.8742
                        ],
                        [
                            2.4722,
                            48.8675
                        ],
                        [
                            2.4788,
                            48.8684
                        ],
                        [
                            2.4822,
                            48.8671
                        ],
                        [
                            2.4828,
                            48.864
                        ],
                        [
                            2.4816,
                            48.8615
                        ],
                        [
                            2.4808,
                            48.8601
                        ],
                        [
                            2.4732,
                            48.8602
                        ],
                        [
                            2.4699,
                            48.8607
                        ],
                        [
                            2.4668,
                            48.8601
                        ],
                        [
                            2.4674,
                            48.8566
                        ],
                        [
                            2.4555,
                            48.8557
                        ],
                        [
                            2.4488,
                            48.8535
                        ],
                        [
                            2.4471,
                            48.8512
                        ],
                        [
                            2.4352,
                            48.8534
                        ],
                        [
                            2.4346,
                            48.8508
                        ],
                        [
                            2.4296,
                            48.8511
                        ],
                        [
                            2.4293,
                            48.8487
                        ],
                        [
                            2.419,
                            48.8494
                        ]
                    ]
                ]
            }
        },
        {
            "type": "Feature",
            "properties": {
                "code": "93053",
                "nom": "Noisy-le-Sec",
                "departement": "93",
                "region": "11",
                "epci": "200054781",
                "stationCount": 2
            },
            "geometry": {
                "type": "Polygon",
                "coordinates": [
                    [
                        [
                            2.4417,
                            48.8984
                        ],
                        [
                            2.4616,
                            48.9022
                        ],
                        [
                            2.4621,
                            48.9054
                        ],
                        [
                            2.4702,
                            48.905
                        ],
                        [
                            2.4707,
                            48.903
                        ],
                        [
                            2.4691,
                            48.8995
                        ],
                        [
                            2.4746,
                            48.8981
                        ],
                        [
                            2.4729,
                            48.8957
                        ],
                        [
                            2.4713,
                            48.8891
                        ],
                        [
                            2.4766,
                            48.8888
                        ],
                        [
                            2.4754,
                            48.8863
                        ],
                        [
                            2.4703,
                            48.8868
                        ],
                        [
                            2.4692,
                            48.884
                        ],
                        [
                            2.4667,
                            48.8816
                        ],
                        [
                            2.4649,
                            48.8781
                        ],
                        [
                            2.4518,
                            48.8785
                        ],
                        [
                            2.4522,
                            48.8813
                        ],
                        [
                            2.4541,
                            48.8843
                        ],
                        [
                            2.4485,
                            48.8864
                        ],
                        [
                            2.4432,
                            48.8829
                        ],
                        [
                            2.4404,
                            48.8846
                        ],
                        [
                            2.4448,
                            48.8884
                        ],
                        [
                            2.4444,
                            48.8908
                        ],
                        [
                            2.439,
                            48.8932
                        ],
                        [
                            2.4417,
                            48.8984
                        ]
                    ]
                ]
            }
        },
        {
            "type": "Feature",
            "properties": {
                "code": "93055",
                "nom": "Pantin",
                "departement": "93",
                "region": "11",
                "epci": "200054781",
                "stationCount": 21
            },
            "geometry": {
                "type": "Polygon",
                "coordinates": [
                    [
                        [
                            2.4277,
                            48.8959
                        ],
                        [
                            2.4266,
                            48.8929
                        ],
                        [
                            2.4244,
                            48.891
                        ],
                        [
                            2.4224,
                            48.8876
                        ],
                        [
                            2.4173,
                            48.884
                        ],
                        [
                            2.4115,
                            48.8832
                        ],
                        [
                            2.41,
                            48.8861
                        ],
                        [
                            2.4101,
                            48.8891
                        ],
                        [
                            2.4062,
                            48.8883
                        ],
                        [
                            2.3989,
                            48.8895
                        ],
                        [
                            2.3977,
                            48.8946
                        ],
                        [
                            2.3955,
                            48.8983
                        ],
                        [
                            2.3893,
                            48.9012
                        ],
                        [
                            2.4004,
                            48.9113
                        ],
                        [
                            2.4061,
                            48.9085
                        ],
                        [
                            2.4083,
                            48.9081
                        ],
                        [
                            2.4115,
                            48.9113
                        ],
                        [
                            2.4075,
                            48.9139
                        ],
                        [
                            2.4044,
                            48.915
                        ],
                        [
                            2.4076,
                            48.918
                        ],
                        [
                            2.4101,
                            48.9166
                        ],
                        [
                            2.4129,
                            48.9154
                        ],
                        [
                            2.4153,
                            48.912
                        ],
                        [
                            2.4146,
                            48.9089
                        ],
                        [
                            2.4116,
                            48.9062
                        ],
                        [
                            2.4213,
                            48.9021
                        ],
                        [
                            2.4242,
                            48.8967
                        ],
                        [
                            2.4277,
                            48.8959
                        ]
                    ]
                ]
            }
        },
        {
            "type": "Feature",
            "properties": {
                "code": "93061",
                "nom": "Le Pré-Saint-Gervais",
                "departement": "93",
                "region": "11",
                "epci": "200054781",
                "stationCount": 2
            },
            "geometry": {
                "type": "Polygon",
                "coordinates": [
                    [
                        [
                            2.3989,
                            48.8895
                        ],
                        [
                            2.4062,
                            48.8883
                        ],
                        [
                            2.4101,
                            48.8891
                        ],
                        [
                            2.41,
                            48.8861
                        ],
                        [
                            2.4115,
                            48.8832
                        ],
                        [
                            2.4119,
                            48.8788
                        ],
                        [
                            2.4108,
                            48.8784
                        ],
                        [
                            2.4094,
                            48.8803
                        ],
                        [
                            2.4015,
                            48.8826
                        ],
                        [
                            2.3993,
                            48.8854
                        ],
                        [
                            2.3989,
                            48.8895
                        ]
                    ]
                ]
            }
        },
        {
            "type": "Feature",
            "properties": {
                "code": "93063",
                "nom": "Romainville",
                "departement": "93",
                "region": "11",
                "epci": "200054781",
                "stationCount": 6
            },
            "geometry": {
                "type": "Polygon",
                "coordinates": [
                    [
                        [
                            2.4518,
                            48.8785
                        ],
                        [
                            2.4493,
                            48.8769
                        ],
                        [
                            2.4466,
                            48.873
                        ],
                        [
                            2.444,
                            48.872
                        ],
                        [
                            2.4386,
                            48.8713
                        ],
                        [
                            2.4354,
                            48.8746
                        ],
                        [
                            2.4371,
                            48.8773
                        ],
                        [
                            2.433,
                            48.879
                        ],
                        [
                            2.4298,
                            48.8783
                        ],
                        [
                            2.4284,
                            48.8802
                        ],
                        [
                            2.4291,
                            48.8826
                        ],
                        [
                            2.4245,
                            48.8831
                        ],
                        [
                            2.4267,
                            48.8859
                        ],
                        [
                            2.4265,
                            48.8883
                        ],
                        [
                            2.4244,
                            48.891
                        ],
                        [
                            2.4266,
                            48.8929
                        ],
                        [
                            2.4277,
                            48.8959
                        ],
                        [
                            2.4417,
                            48.8984
                        ],
                        [
                            2.439,
                            48.8932
                        ],
                        [
                            2.4444,
                            48.8908
                        ],
                        [
                            2.4448,
                            48.8884
                        ],
                        [
                            2.4404,
                            48.8846
                        ],
                        [
                            2.4432,
                            48.8829
                        ],
                        [
                            2.4485,
                            48.8864
                        ],
                        [
                            2.4541,
                            48.8843
                        ],
                        [
                            2.4522,
                            48.8813
                        ],
                        [
                            2.4518,
                            48.8785
                        ]
                    ]
                ]
            }
        },
        {
            "type": "Feature",
            "properties": {
                "code": "93064",
                "nom": "Rosny-sous-Bois",
                "departement": "93",
                "region": "11",
                "epci": "200054781",
                "stationCount": 5
            },
            "geometry": {
                "type": "Polygon",
                "coordinates": [
                    [
                        [
                            2.4649,
                            48.8781
                        ],
                        [
                            2.4667,
                            48.8816
                        ],
                        [
                            2.4692,
                            48.884
                        ],
                        [
                            2.4703,
                            48.8868
                        ],
                        [
                            2.4754,
                            48.8863
                        ],
                        [
                            2.4766,
                            48.8888
                        ],
                        [
                            2.487,
                            48.887
                        ],
                        [
                            2.4945,
                            48.8849
                        ],
                        [
                            2.494,
                            48.8827
                        ],
                        [
                            2.4976,
                            48.8783
                        ],
                        [
                            2.5008,
                            48.8771
                        ],
                        [
                            2.5041,
                            48.8773
                        ],
                        [
                            2.5057,
                            48.8793
                        ],
                        [
                            2.5094,
                            48.8781
                        ],
                        [
                            2.5058,
                            48.873
                        ],
                        [
                            2.5009,
                            48.873
                        ],
                        [
                            2.5012,
                            48.8682
                        ],
                        [
                            2.4994,
                            48.8636
                        ],
                        [
                            2.4961,
                            48.8607
                        ],
                        [
                            2.4916,
                            48.8595
                        ],
                        [
                            2.491,
                            48.8608
                        ],
                        [
                            2.4867,
                            48.8607
                        ],
                        [
                            2.4816,
                            48.8615
                        ],
                        [
                            2.4828,
                            48.864
                        ],
                        [
                            2.4822,
                            48.8671
                        ],
                        [
                            2.4788,
                            48.8684
                        ],
                        [
                            2.4722,
                            48.8675
                        ],
                        [
                            2.4703,
                            48.8742
                        ],
                        [
                            2.4649,
                            48.8781
                        ]
                    ]
                ]
            }
        },
        {
            "type": "Feature",
            "properties": {
                "code": "93066",
                "nom": "Saint-Denis",
                "departement": "93",
                "region": "11",
                "epci": "200054781",
                "stationCount": 20
            },
            "geometry": {
                "type": "Polygon",
                "coordinates": [
                    [
                        [
                            2.3748,
                            48.9238
                        ],
                        [
                            2.372,
                            48.9225
                        ],
                        [
                            2.3683,
                            48.9245
                        ],
                        [
                            2.3667,
                            48.9235
                        ],
                        [
                            2.3667,
                            48.9154
                        ],
                        [
                            2.3657,
                            48.9092
                        ],
                        [
                            2.3656,
                            48.9018
                        ],
                        [
                            2.352,
                            48.9015
                        ],
                        [
                            2.3508,
                            48.9109
                        ],
                        [
                            2.3484,
                            48.911
                        ],
                        [
                            2.3471,
                            48.9144
                        ],
                        [
                            2.3447,
                            48.914
                        ],
                        [
                            2.3378,
                            48.9152
                        ],
                        [
                            2.34,
                            48.9196
                        ],
                        [
                            2.3332,
                            48.9232
                        ],
                        [
                            2.339,
                            48.929
                        ],
                        [
                            2.3416,
                            48.9338
                        ],
                        [
                            2.3415,
                            48.9368
                        ],
                        [
                            2.3383,
                            48.9426
                        ],
                        [
                            2.3408,
                            48.9443
                        ],
                        [
                            2.3369,
                            48.9451
                        ],
                        [
                            2.3394,
                            48.9476
                        ],
                        [
                            2.346,
                            48.9464
                        ],
                        [
                            2.3506,
                            48.9487
                        ],
                        [
                            2.3537,
                            48.954
                        ],
                        [
                            2.3535,
                            48.9568
                        ],
                        [
                            2.3549,
                            48.9597
                        ],
                        [
                            2.3528,
                            48.9603
                        ],
                        [
                            2.3535,
                            48.9656
                        ],
                        [
                            2.359,
                            48.9729
                        ],
                        [
                            2.3617,
                            48.974
                        ],
                        [
                            2.3657,
                            48.974
                        ],
                        [
                            2.3689,
                            48.973
                        ],
                        [
                            2.3757,
                            48.9721
                        ],
                        [
                            2.3738,
                            48.9675
                        ],
                        [
                            2.3733,
                            48.9601
                        ],
                        [
                            2.369,
                            48.9601
                        ],
                        [
                            2.3655,
                            48.9588
                        ],
                        [
                            2.3691,
                            48.9524
                        ],
                        [
                            2.3717,
                            48.947
                        ],
                        [
                            2.3752,
                            48.9476
                        ],
                        [
                            2.3771,
                            48.9446
                        ],
                        [
                            2.3821,
                            48.9454
                        ],
                        [
                            2.3837,
                            48.9435
                        ],
                        [
                            2.3902,
                            48.9455
                        ],
                        [
                            2.3898,
                            48.9468
                        ],
                        [
                            2.3962,
                            48.9493
                        ],
                        [
                            2.3982,
                            48.9482
                        ],
                        [
                            2.3961,
                            48.9455
                        ],
                        [
                            2.3847,
                            48.9403
                        ],
                        [
                            2.3833,
                            48.9328
                        ],
                        [
                            2.3825,
                            48.9308
                        ],
                        [
                            2.3776,
                            48.9318
                        ],
                        [
                            2.3751,
                            48.9277
                        ],
                        [
                            2.3778,
                            48.9253
                        ],
                        [
                            2.3748,
                            48.9238
                        ]
                    ]
                ]
            }
        },
        {
            "type": "Feature",
            "properties": {
                "code": "93070",
                "nom": "Saint-Ouen-sur-Seine",
                "departement": "93",
                "region": "11",
                "epci": "200054781",
                "stationCount": 11
            },
            "geometry": {
                "type": "Polygon",
                "coordinates": [
                    [
                        [
                            2.3301,
                            48.901
                        ],
                        [
                            2.3199,
                            48.9005
                        ],
                        [
                            2.3209,
                            48.9046
                        ],
                        [
                            2.3138,
                            48.914
                        ],
                        [
                            2.3198,
                            48.9159
                        ],
                        [
                            2.3284,
                            48.9185
                        ],
                        [
                            2.3332,
                            48.9232
                        ],
                        [
                            2.34,
                            48.9196
                        ],
                        [
                            2.3378,
                            48.9152
                        ],
                        [
                            2.3447,
                            48.914
                        ],
                        [
                            2.3471,
                            48.9144
                        ],
                        [
                            2.3484,
                            48.911
                        ],
                        [
                            2.3508,
                            48.9109
                        ],
                        [
                            2.352,
                            48.9015
                        ],
                        [
                            2.3301,
                            48.901
                        ]
                    ]
                ]
            }
        },
        {
            "type": "Feature",
            "properties": {
                "code": "94002",
                "nom": "Alfortville",
                "departement": "94",
                "region": "11",
                "epci": "200054781",
                "stationCount": 5
            },
            "geometry": {
                "type": "Polygon",
                "coordinates": [
                    [
                        [
                            2.4147,
                            48.7772
                        ],
                        [
                            2.422,
                            48.7879
                        ],
                        [
                            2.4228,
                            48.7911
                        ],
                        [
                            2.4207,
                            48.7957
                        ],
                        [
                            2.411,
                            48.8037
                        ],
                        [
                            2.409,
                            48.8085
                        ],
                        [
                            2.4103,
                            48.8145
                        ],
                        [
                            2.4094,
                            48.8166
                        ],
                        [
                            2.4159,
                            48.8162
                        ],
                        [
                            2.4181,
                            48.8135
                        ],
                        [
                            2.4226,
                            48.8096
                        ],
                        [
                            2.4248,
                            48.8063
                        ],
                        [
                            2.4328,
                            48.7866
                        ],
                        [
                            2.4339,
                            48.7839
                        ],
                        [
                            2.43,
                            48.7823
                        ],
                        [
                            2.4288,
                            48.7802
                        ],
                        [
                            2.4283,
                            48.7761
                        ],
                        [
                            2.4147,
                            48.7772
                        ]
                    ]
                ]
            }
        },
        {
            "type": "Feature",
            "properties": {
                "code": "94003",
                "nom": "Arcueil",
                "departement": "94",
                "region": "11",
                "epci": "200054781",
                "stationCount": 4
            },
            "geometry": {
                "type": "Polygon",
                "coordinates": [
                    [
                        [
                            2.345,
                            48.8054
                        ],
                        [
                            2.3439,
                            48.8033
                        ],
                        [
                            2.3478,
                            48.8015
                        ],
                        [
                            2.3438,
                            48.7977
                        ],
                        [
                            2.34,
                            48.7973
                        ],
                        [
                            2.3281,
                            48.7997
                        ],
                        [
                            2.3239,
                            48.8016
                        ],
                        [
                            2.324,
                            48.8054
                        ],
                        [
                            2.3183,
                            48.806
                        ],
                        [
                            2.3191,
                            48.81
                        ],
                        [
                            2.3256,
                            48.8096
                        ],
                        [
                            2.3291,
                            48.8138
                        ],
                        [
                            2.3341,
                            48.8126
                        ],
                        [
                            2.3373,
                            48.8136
                        ],
                        [
                            2.3403,
                            48.8124
                        ],
                        [
                            2.3391,
                            48.8109
                        ],
                        [
                            2.3423,
                            48.8096
                        ],
                        [
                            2.3426,
                            48.8066
                        ],
                        [
                            2.345,
                            48.8054
                        ]
                    ]
                ]
            }
        },
        {
            "type": "Feature",
            "properties": {
                "code": "94016",
                "nom": "Cachan",
                "departement": "94",
                "region": "11",
                "epci": "200054781",
                "stationCount": 4
            },
            "geometry": {
                "type": "Polygon",
                "coordinates": [
                    [
                        [
                            2.3239,
                            48.8016
                        ],
                        [
                            2.3281,
                            48.7997
                        ],
                        [
                            2.34,
                            48.7973
                        ],
                        [
                            2.3438,
                            48.7977
                        ],
                        [
                            2.3449,
                            48.7939
                        ],
                        [
                            2.3442,
                            48.7907
                        ],
                        [
                            2.3412,
                            48.7843
                        ],
                        [
                            2.3386,
                            48.7827
                        ],
                        [
                            2.3344,
                            48.7844
                        ],
                        [
                            2.3284,
                            48.7844
                        ],
                        [
                            2.3258,
                            48.7819
                        ],
                        [
                            2.3244,
                            48.7822
                        ],
                        [
                            2.3251,
                            48.7863
                        ],
                        [
                            2.3187,
                            48.788
                        ],
                        [
                            2.3239,
                            48.8016
                        ]
                    ]
                ]
            }
        },
        {
            "type": "Feature",
            "properties": {
                "code": "94017",
                "nom": "Champigny-sur-Marne",
                "departement": "94",
                "region": "11",
                "epci": "200054781",
                "stationCount": 5
            },
            "geometry": {
                "type": "Polygon",
                "coordinates": [
                    [
                        [
                            2.4976,
                            48.8308
                        ],
                        [
                            2.5051,
                            48.8296
                        ],
                        [
                            2.5105,
                            48.8277
                        ],
                        [
                            2.5201,
                            48.8296
                        ],
                        [
                            2.525,
                            48.8272
                        ],
                        [
                            2.5241,
                            48.8252
                        ],
                        [
                            2.5259,
                            48.824
                        ],
                        [
                            2.525,
                            48.8214
                        ],
                        [
                            2.5296,
                            48.8213
                        ],
                        [
                            2.5324,
                            48.8197
                        ],
                        [
                            2.5348,
                            48.8171
                        ],
                        [
                            2.5449,
                            48.8198
                        ],
                        [
                            2.5487,
                            48.8197
                        ],
                        [
                            2.5545,
                            48.8182
                        ],
                        [
                            2.5574,
                            48.8188
                        ],
                        [
                            2.5655,
                            48.814
                        ],
                        [
                            2.5621,
                            48.8116
                        ],
                        [
                            2.5585,
                            48.8076
                        ],
                        [
                            2.5538,
                            48.8076
                        ],
                        [
                            2.554,
                            48.8049
                        ],
                        [
                            2.551,
                            48.8032
                        ],
                        [
                            2.5451,
                            48.8055
                        ],
                        [
                            2.5396,
                            48.8061
                        ],
                        [
                            2.5289,
                            48.8062
                        ],
                        [
                            2.5288,
                            48.8053
                        ],
                        [
                            2.5223,
                            48.8042
                        ],
                        [
                            2.52,
                            48.8071
                        ],
                        [
                            2.5146,
                            48.8093
                        ],
                        [
                            2.5087,
                            48.8102
                        ],
                        [
                            2.4979,
                            48.8104
                        ],
                        [
                            2.4801,
                            48.8135
                        ],
                        [
                            2.4819,
                            48.8159
                        ],
                        [
                            2.4817,
                            48.8201
                        ],
                        [
                            2.4787,
                            48.8235
                        ],
                        [
                            2.478,
                            48.8272
                        ],
                        [
                            2.4757,
                            48.8306
                        ],
                        [
                            2.483,
                            48.8315
                        ],
                        [
                            2.487,
                            48.8311
                        ],
                        [
                            2.4976,
                            48.8308
                        ]
                    ]
                ]
            }
        },
        {
            "type": "Feature",
            "properties": {
                "code": "94018",
                "nom": "Charenton-le-Pont",
                "departement": "94",
                "region": "11",
                "epci": "200054781",
                "stationCount": 5
            },
            "geometry": {
                "type": "Polygon",
                "coordinates": [
                    [
                        [
                            2.4198,
                            48.8169
                        ],
                        [
                            2.4159,
                            48.8162
                        ],
                        [
                            2.4094,
                            48.8166
                        ],
                        [
                            2.4004,
                            48.8198
                        ],
                        [
                            2.3955,
                            48.822
                        ],
                        [
                            2.3901,
                            48.8257
                        ],
                        [
                            2.3943,
                            48.8275
                        ],
                        [
                            2.4022,
                            48.8296
                        ],
                        [
                            2.4092,
                            48.8255
                        ],
                        [
                            2.42,
                            48.8241
                        ],
                        [
                            2.4198,
                            48.8169
                        ]
                    ]
                ]
            }
        },
        {
            "type": "Feature",
            "properties": {
                "code": "94021",
                "nom": "Chevilly-Larue",
                "departement": "94",
                "region": "11",
                "epci": "200054781",
                "stationCount": 3
            },
            "geometry": {
                "type": "Polygon",
                "coordinates": [
                    [
                        [
                            2.3686,
                            48.7575
                        ],
                        [
                            2.362,
                            48.7569
                        ],
                        [
                            2.3601,
                            48.7606
                        ],
                        [
                            2.3555,
                            48.7592
                        ],
                        [
                            2.3542,
                            48.7605
                        ],
                        [
                            2.3481,
                            48.7585
                        ],
                        [
                            2.3462,
                            48.7604
                        ],
                        [
                            2.3439,
                            48.7563
                        ],
                        [
                            2.3401,
                            48.7589
                        ],
                        [
                            2.3352,
                            48.7611
                        ],
                        [
                            2.3382,
                            48.7631
                        ],
                        [
                            2.3327,
                            48.7647
                        ],
                        [
                            2.3359,
                            48.7702
                        ],
                        [
                            2.3338,
                            48.7708
                        ],
                        [
                            2.3359,
                            48.7735
                        ],
                        [
                            2.3389,
                            48.7744
                        ],
                        [
                            2.3434,
                            48.7735
                        ],
                        [
                            2.3428,
                            48.7723
                        ],
                        [
                            2.3498,
                            48.7711
                        ],
                        [
                            2.3518,
                            48.7739
                        ],
                        [
                            2.3674,
                            48.7794
                        ],
                        [
                            2.3678,
                            48.7719
                        ],
                        [
                            2.3686,
                            48.7575
                        ]
                    ]
                ]
            }
        },
        {
            "type": "Feature",
            "properties": {
                "code": "94022",
                "nom": "Choisy-le-Roi",
                "departement": "94",
                "region": "11",
                "epci": "200054781",
                "stationCount": 3
            },
            "geometry": {
                "type": "Polygon",
                "coordinates": [
                    [
                        [
                            2.4355,
                            48.7672
                        ],
                        [
                            2.4398,
                            48.7647
                        ],
                        [
                            2.4385,
                            48.7636
                        ],
                        [
                            2.4423,
                            48.7618
                        ],
                        [
                            2.4414,
                            48.7612
                        ],
                        [
                            2.4342,
                            48.7634
                        ],
                        [
                            2.4266,
                            48.7605
                        ],
                        [
                            2.4285,
                            48.7581
                        ],
                        [
                            2.4257,
                            48.7571
                        ],
                        [
                            2.4286,
                            48.7526
                        ],
                        [
                            2.4275,
                            48.7509
                        ],
                        [
                            2.4246,
                            48.7527
                        ],
                        [
                            2.4202,
                            48.7497
                        ],
                        [
                            2.4181,
                            48.7529
                        ],
                        [
                            2.4133,
                            48.7525
                        ],
                        [
                            2.4061,
                            48.7511
                        ],
                        [
                            2.4033,
                            48.7612
                        ],
                        [
                            2.3981,
                            48.7659
                        ],
                        [
                            2.4039,
                            48.7669
                        ],
                        [
                            2.3987,
                            48.7748
                        ],
                        [
                            2.402,
                            48.773
                        ],
                        [
                            2.4058,
                            48.7739
                        ],
                        [
                            2.4119,
                            48.7742
                        ],
                        [
                            2.4147,
                            48.7772
                        ],
                        [
                            2.4283,
                            48.7761
                        ],
                        [
                            2.4275,
                            48.7708
                        ],
                        [
                            2.4305,
                            48.7706
                        ],
                        [
                            2.432,
                            48.7668
                        ],
                        [
                            2.4355,
                            48.7672
                        ]
                    ]
                ]
            }
        },
        {
            "type": "Feature",
            "properties": {
                "code": "94028",
                "nom": "Créteil",
                "departement": "94",
                "region": "11",
                "epci": "200054781",
                "stationCount": 17
            },
            "geometry": {
                "type": "Polygon",
                "coordinates": [
                    [
                        [
                            2.4735,
                            48.7617
                        ],
                        [
                            2.4721,
                            48.7633
                        ],
                        [
                            2.4682,
                            48.7624
                        ],
                        [
                            2.4662,
                            48.7661
                        ],
                        [
                            2.4634,
                            48.7668
                        ],
                        [
                            2.46,
                            48.7657
                        ],
                        [
                            2.4537,
                            48.7675
                        ],
                        [
                            2.4493,
                            48.7701
                        ],
                        [
                            2.4408,
                            48.7718
                        ],
                        [
                            2.4392,
                            48.7712
                        ],
                        [
                            2.4355,
                            48.7672
                        ],
                        [
                            2.432,
                            48.7668
                        ],
                        [
                            2.4305,
                            48.7706
                        ],
                        [
                            2.4275,
                            48.7708
                        ],
                        [
                            2.4283,
                            48.7761
                        ],
                        [
                            2.4288,
                            48.7802
                        ],
                        [
                            2.43,
                            48.7823
                        ],
                        [
                            2.4339,
                            48.7839
                        ],
                        [
                            2.4328,
                            48.7866
                        ],
                        [
                            2.4391,
                            48.7892
                        ],
                        [
                            2.4368,
                            48.7923
                        ],
                        [
                            2.4409,
                            48.7935
                        ],
                        [
                            2.4458,
                            48.8008
                        ],
                        [
                            2.4545,
                            48.806
                        ],
                        [
                            2.4575,
                            48.8051
                        ],
                        [
                            2.464,
                            48.8074
                        ],
                        [
                            2.4681,
                            48.8046
                        ],
                        [
                            2.4718,
                            48.7943
                        ],
                        [
                            2.4724,
                            48.7905
                        ],
                        [
                            2.4746,
                            48.7877
                        ],
                        [
                            2.4729,
                            48.7872
                        ],
                        [
                            2.4754,
                            48.7814
                        ],
                        [
                            2.4726,
                            48.7799
                        ],
                        [
                            2.475,
                            48.7776
                        ],
                        [
                            2.4728,
                            48.7765
                        ],
                        [
                            2.4746,
                            48.7746
                        ],
                        [
                            2.4716,
                            48.7729
                        ],
                        [
                            2.4774,
                            48.7661
                        ],
                        [
                            2.4749,
                            48.7654
                        ],
                        [
                            2.4772,
                            48.7628
                        ],
                        [
                            2.4735,
                            48.7617
                        ]
                    ]
                ]
            }
        },
        {
            "type": "Feature",
            "properties": {
                "code": "94033",
                "nom": "Fontenay-sous-Bois",
                "departement": "94",
                "region": "11",
                "epci": "200054781",
                "stationCount": 12
            },
            "geometry": {
                "type": "Polygon",
                "coordinates": [
                    [
                        [
                            2.4471,
                            48.8512
                        ],
                        [
                            2.4488,
                            48.8535
                        ],
                        [
                            2.4555,
                            48.8557
                        ],
                        [
                            2.4674,
                            48.8566
                        ],
                        [
                            2.4668,
                            48.8601
                        ],
                        [
                            2.4699,
                            48.8607
                        ],
                        [
                            2.4732,
                            48.8602
                        ],
                        [
                            2.4808,
                            48.8601
                        ],
                        [
                            2.4816,
                            48.8615
                        ],
                        [
                            2.4867,
                            48.8607
                        ],
                        [
                            2.491,
                            48.8608
                        ],
                        [
                            2.4916,
                            48.8595
                        ],
                        [
                            2.4961,
                            48.8607
                        ],
                        [
                            2.4949,
                            48.8588
                        ],
                        [
                            2.4968,
                            48.8557
                        ],
                        [
                            2.5,
                            48.8557
                        ],
                        [
                            2.4972,
                            48.8549
                        ],
                        [
                            2.4958,
                            48.8528
                        ],
                        [
                            2.4933,
                            48.8517
                        ],
                        [
                            2.4935,
                            48.8487
                        ],
                        [
                            2.4916,
                            48.8478
                        ],
                        [
                            2.4882,
                            48.8465
                        ],
                        [
                            2.4832,
                            48.8424
                        ],
                        [
                            2.4799,
                            48.8419
                        ],
                        [
                            2.4768,
                            48.8428
                        ],
                        [
                            2.4732,
                            48.8401
                        ],
                        [
                            2.4722,
                            48.8421
                        ],
                        [
                            2.4687,
                            48.8409
                        ],
                        [
                            2.4673,
                            48.8391
                        ],
                        [
                            2.4649,
                            48.8414
                        ],
                        [
                            2.4586,
                            48.8434
                        ],
                        [
                            2.4479,
                            48.8449
                        ],
                        [
                            2.448,
                            48.8468
                        ],
                        [
                            2.4579,
                            48.8452
                        ],
                        [
                            2.4559,
                            48.8473
                        ],
                        [
                            2.4563,
                            48.8496
                        ],
                        [
                            2.4471,
                            48.8512
                        ]
                    ]
                ]
            }
        },
        {
            "type": "Feature",
            "properties": {
                "code": "94037",
                "nom": "Gentilly",
                "departement": "94",
                "region": "11",
                "epci": "200054781",
                "stationCount": 4
            },
            "geometry": {
                "type": "Polygon",
                "coordinates": [
                    [
                        [
                            2.3291,
                            48.8138
                        ],
                        [
                            2.3319,
                            48.817
                        ],
                        [
                            2.3417,
                            48.8163
                        ],
                        [
                            2.3439,
                            48.8158
                        ],
                        [
                            2.3472,
                            48.8161
                        ],
                        [
                            2.3524,
                            48.8186
                        ],
                        [
                            2.3562,
                            48.8159
                        ],
                        [
                            2.354,
                            48.8131
                        ],
                        [
                            2.3507,
                            48.8113
                        ],
                        [
                            2.345,
                            48.8054
                        ],
                        [
                            2.3426,
                            48.8066
                        ],
                        [
                            2.3423,
                            48.8096
                        ],
                        [
                            2.3391,
                            48.8109
                        ],
                        [
                            2.3403,
                            48.8124
                        ],
                        [
                            2.3373,
                            48.8136
                        ],
                        [
                            2.3341,
                            48.8126
                        ],
                        [
                            2.3291,
                            48.8138
                        ]
                    ]
                ]
            }
        },
        {
            "type": "Feature",
            "properties": {
                "code": "94041",
                "nom": "Ivry-sur-Seine",
                "departement": "94",
                "region": "11",
                "epci": "200054781",
                "stationCount": 18
            },
            "geometry": {
                "type": "Polygon",
                "coordinates": [
                    [
                        [
                            2.4094,
                            48.8166
                        ],
                        [
                            2.4103,
                            48.8145
                        ],
                        [
                            2.409,
                            48.8085
                        ],
                        [
                            2.4042,
                            48.8081
                        ],
                        [
                            2.4051,
                            48.805
                        ],
                        [
                            2.3997,
                            48.8043
                        ],
                        [
                            2.3946,
                            48.7999
                        ],
                        [
                            2.3917,
                            48.7993
                        ],
                        [
                            2.3868,
                            48.8005
                        ],
                        [
                            2.3857,
                            48.8043
                        ],
                        [
                            2.3793,
                            48.8014
                        ],
                        [
                            2.3758,
                            48.806
                        ],
                        [
                            2.3712,
                            48.804
                        ],
                        [
                            2.3672,
                            48.8081
                        ],
                        [
                            2.3642,
                            48.8112
                        ],
                        [
                            2.3662,
                            48.8119
                        ],
                        [
                            2.3642,
                            48.8164
                        ],
                        [
                            2.3808,
                            48.8217
                        ],
                        [
                            2.3815,
                            48.8224
                        ],
                        [
                            2.3901,
                            48.8257
                        ],
                        [
                            2.3955,
                            48.822
                        ],
                        [
                            2.4004,
                            48.8198
                        ],
                        [
                            2.4094,
                            48.8166
                        ]
                    ]
                ]
            }
        },
        {
            "type": "Feature",
            "properties": {
                "code": "94042",
                "nom": "Joinville-le-Pont",
                "departement": "94",
                "region": "11",
                "epci": "200054781",
                "stationCount": 2
            },
            "geometry": {
                "type": "Polygon",
                "coordinates": [
                    [
                        [
                            2.4545,
                            48.8133
                        ],
                        [
                            2.4594,
                            48.8127
                        ],
                        [
                            2.4655,
                            48.8163
                        ],
                        [
                            2.4612,
                            48.8184
                        ],
                        [
                            2.4629,
                            48.8202
                        ],
                        [
                            2.4657,
                            48.8262
                        ],
                        [
                            2.4695,
                            48.8301
                        ],
                        [
                            2.4714,
                            48.829
                        ],
                        [
                            2.4757,
                            48.8306
                        ],
                        [
                            2.478,
                            48.8272
                        ],
                        [
                            2.4787,
                            48.8235
                        ],
                        [
                            2.4817,
                            48.8201
                        ],
                        [
                            2.4819,
                            48.8159
                        ],
                        [
                            2.4801,
                            48.8135
                        ],
                        [
                            2.4738,
                            48.8158
                        ],
                        [
                            2.4699,
                            48.8124
                        ],
                        [
                            2.4661,
                            48.8106
                        ],
                        [
                            2.4647,
                            48.8118
                        ],
                        [
                            2.4606,
                            48.8093
                        ],
                        [
                            2.4567,
                            48.8112
                        ],
                        [
                            2.4545,
                            48.8133
                        ]
                    ]
                ]
            }
        },
        {
            "type": "Feature",
            "properties": {
                "code": "94043",
                "nom": "Le Kremlin-Bicêtre",
                "departement": "94",
                "region": "11",
                "epci": "200054781",
                "stationCount": 5
            },
            "geometry": {
                "type": "Polygon",
                "coordinates": [
                    [
                        [
                            2.3478,
                            48.8015
                        ],
                        [
                            2.3439,
                            48.8033
                        ],
                        [
                            2.345,
                            48.8054
                        ],
                        [
                            2.3507,
                            48.8113
                        ],
                        [
                            2.354,
                            48.8131
                        ],
                        [
                            2.3562,
                            48.8159
                        ],
                        [
                            2.3642,
                            48.8164
                        ],
                        [
                            2.3662,
                            48.8119
                        ],
                        [
                            2.3642,
                            48.8112
                        ],
                        [
                            2.3672,
                            48.8081
                        ],
                        [
                            2.3581,
                            48.806
                        ],
                        [
                            2.3587,
                            48.8042
                        ],
                        [
                            2.3541,
                            48.8024
                        ],
                        [
                            2.3478,
                            48.8015
                        ]
                    ]
                ]
            }
        },
        {
            "type": "Feature",
            "properties": {
                "code": "94046",
                "nom": "Maisons-Alfort",
                "departement": "94",
                "region": "11",
                "epci": "200054781",
                "stationCount": 7
            },
            "geometry": {
                "type": "Polygon",
                "coordinates": [
                    [
                        [
                            2.4545,
                            48.8133
                        ],
                        [
                            2.4567,
                            48.8112
                        ],
                        [
                            2.4606,
                            48.8093
                        ],
                        [
                            2.464,
                            48.8074
                        ],
                        [
                            2.4575,
                            48.8051
                        ],
                        [
                            2.4545,
                            48.806
                        ],
                        [
                            2.4458,
                            48.8008
                        ],
                        [
                            2.4409,
                            48.7935
                        ],
                        [
                            2.4368,
                            48.7923
                        ],
                        [
                            2.4391,
                            48.7892
                        ],
                        [
                            2.4328,
                            48.7866
                        ],
                        [
                            2.4248,
                            48.8063
                        ],
                        [
                            2.4226,
                            48.8096
                        ],
                        [
                            2.4181,
                            48.8135
                        ],
                        [
                            2.4159,
                            48.8162
                        ],
                        [
                            2.4198,
                            48.8169
                        ],
                        [
                            2.4324,
                            48.8161
                        ],
                        [
                            2.437,
                            48.8169
                        ],
                        [
                            2.4511,
                            48.8158
                        ],
                        [
                            2.4545,
                            48.8133
                        ]
                    ]
                ]
            }
        },
        {
            "type": "Feature",
            "properties": {
                "code": "94052",
                "nom": "Nogent-sur-Marne",
                "departement": "94",
                "region": "11",
                "epci": "200054781",
                "stationCount": 4
            },
            "geometry": {
                "type": "Polygon",
                "coordinates": [
                    [
                        [
                            2.4673,
                            48.8391
                        ],
                        [
                            2.4687,
                            48.8409
                        ],
                        [
                            2.4722,
                            48.8421
                        ],
                        [
                            2.4732,
                            48.8401
                        ],
                        [
                            2.4768,
                            48.8428
                        ],
                        [
                            2.4799,
                            48.8419
                        ],
                        [
                            2.4832,
                            48.8424
                        ],
                        [
                            2.4882,
                            48.8465
                        ],
                        [
                            2.4916,
                            48.8478
                        ],
                        [
                            2.4931,
                            48.8438
                        ],
                        [
                            2.4945,
                            48.8364
                        ],
                        [
                            2.4976,
                            48.8308
                        ],
                        [
                            2.487,
                            48.8311
                        ],
                        [
                            2.483,
                            48.8315
                        ],
                        [
                            2.4757,
                            48.8306
                        ],
                        [
                            2.4714,
                            48.829
                        ],
                        [
                            2.4695,
                            48.8301
                        ],
                        [
                            2.4657,
                            48.8262
                        ],
                        [
                            2.4647,
                            48.8276
                        ],
                        [
                            2.4658,
                            48.8319
                        ],
                        [
                            2.4695,
                            48.8345
                        ],
                        [
                            2.4699,
                            48.8364
                        ],
                        [
                            2.4673,
                            48.8391
                        ]
                    ]
                ]
            }
        },
        {
            "type": "Feature",
            "properties": {
                "code": "94054",
                "nom": "Orly",
                "departement": "94",
                "region": "11",
                "epci": "200054781",
                "stationCount": 3
            },
            "geometry": {
                "type": "Polygon",
                "coordinates": [
                    [
                        [
                            2.3702,
                            48.7279
                        ],
                        [
                            2.3693,
                            48.7461
                        ],
                        [
                            2.3745,
                            48.7462
                        ],
                        [
                            2.3742,
                            48.7485
                        ],
                        [
                            2.3778,
                            48.7493
                        ],
                        [
                            2.3821,
                            48.7482
                        ],
                        [
                            2.3857,
                            48.7494
                        ],
                        [
                            2.3894,
                            48.7496
                        ],
                        [
                            2.3873,
                            48.7528
                        ],
                        [
                            2.3932,
                            48.7508
                        ],
                        [
                            2.399,
                            48.7524
                        ],
                        [
                            2.3994,
                            48.7497
                        ],
                        [
                            2.4061,
                            48.7511
                        ],
                        [
                            2.4133,
                            48.7525
                        ],
                        [
                            2.4181,
                            48.7529
                        ],
                        [
                            2.4202,
                            48.7497
                        ],
                        [
                            2.4246,
                            48.7527
                        ],
                        [
                            2.4275,
                            48.7509
                        ],
                        [
                            2.4319,
                            48.7486
                        ],
                        [
                            2.4366,
                            48.7451
                        ],
                        [
                            2.4243,
                            48.7427
                        ],
                        [
                            2.4191,
                            48.7437
                        ],
                        [
                            2.4148,
                            48.7436
                        ],
                        [
                            2.4087,
                            48.7422
                        ],
                        [
                            2.3996,
                            48.7374
                        ],
                        [
                            2.3911,
                            48.7376
                        ],
                        [
                            2.3884,
                            48.737
                        ],
                        [
                            2.3892,
                            48.7345
                        ],
                        [
                            2.3878,
                            48.7327
                        ],
                        [
                            2.3851,
                            48.7327
                        ],
                        [
                            2.385,
                            48.7299
                        ],
                        [
                            2.3798,
                            48.7293
                        ],
                        [
                            2.3758,
                            48.7276
                        ],
                        [
                            2.3702,
                            48.7279
                        ]
                    ]
                ]
            }
        },
        {
            "type": "Feature",
            "properties": {
                "code": "94067",
                "nom": "Saint-Mandé",
                "departement": "94",
                "region": "11",
                "epci": "200054781",
                "stationCount": 5
            },
            "geometry": {
                "type": "Polygon",
                "coordinates": [
                    [
                        [
                            2.4163,
                            48.8492
                        ],
                        [
                            2.419,
                            48.8494
                        ],
                        [
                            2.4186,
                            48.8464
                        ],
                        [
                            2.4282,
                            48.8455
                        ],
                        [
                            2.4276,
                            48.8416
                        ],
                        [
                            2.4239,
                            48.8422
                        ],
                        [
                            2.4218,
                            48.8444
                        ],
                        [
                            2.4195,
                            48.8414
                        ],
                        [
                            2.4221,
                            48.8358
                        ],
                        [
                            2.4173,
                            48.8342
                        ],
                        [
                            2.4122,
                            48.8345
                        ],
                        [
                            2.416,
                            48.8466
                        ],
                        [
                            2.4163,
                            48.8492
                        ]
                    ]
                ]
            }
        },
        {
            "type": "Feature",
            "properties": {
                "code": "94069",
                "nom": "Saint-Maurice",
                "departement": "94",
                "region": "11",
                "epci": "200054781",
                "stationCount": 3
            },
            "geometry": {
                "type": "Polygon",
                "coordinates": [
                    [
                        [
                            2.4545,
                            48.8133
                        ],
                        [
                            2.4511,
                            48.8158
                        ],
                        [
                            2.437,
                            48.8169
                        ],
                        [
                            2.4324,
                            48.8161
                        ],
                        [
                            2.4198,
                            48.8169
                        ],
                        [
                            2.42,
                            48.8241
                        ],
                        [
                            2.428,
                            48.8239
                        ],
                        [
                            2.4304,
                            48.8229
                        ],
                        [
                            2.4373,
                            48.8182
                        ],
                        [
                            2.4478,
                            48.818
                        ],
                        [
                            2.4535,
                            48.8171
                        ],
                        [
                            2.4591,
                            48.817
                        ],
                        [
                            2.4612,
                            48.8184
                        ],
                        [
                            2.4655,
                            48.8163
                        ],
                        [
                            2.4594,
                            48.8127
                        ],
                        [
                            2.4545,
                            48.8133
                        ]
                    ]
                ]
            }
        },
        {
            "type": "Feature",
            "properties": {
                "code": "94073",
                "nom": "Thiais",
                "departement": "94",
                "region": "11",
                "epci": "200054781",
                "stationCount": 3
            },
            "geometry": {
                "type": "Polygon",
                "coordinates": [
                    [
                        [
                            2.3693,
                            48.7461
                        ],
                        [
                            2.3686,
                            48.7575
                        ],
                        [
                            2.3678,
                            48.7719
                        ],
                        [
                            2.3711,
                            48.77
                        ],
                        [
                            2.3743,
                            48.7718
                        ],
                        [
                            2.3765,
                            48.7715
                        ],
                        [
                            2.3791,
                            48.7731
                        ],
                        [
                            2.3819,
                            48.7718
                        ],
                        [
                            2.3881,
                            48.7732
                        ],
                        [
                            2.3923,
                            48.7734
                        ],
                        [
                            2.3987,
                            48.7748
                        ],
                        [
                            2.4039,
                            48.7669
                        ],
                        [
                            2.3981,
                            48.7659
                        ],
                        [
                            2.4033,
                            48.7612
                        ],
                        [
                            2.4061,
                            48.7511
                        ],
                        [
                            2.3994,
                            48.7497
                        ],
                        [
                            2.399,
                            48.7524
                        ],
                        [
                            2.3932,
                            48.7508
                        ],
                        [
                            2.3873,
                            48.7528
                        ],
                        [
                            2.3894,
                            48.7496
                        ],
                        [
                            2.3857,
                            48.7494
                        ],
                        [
                            2.3821,
                            48.7482
                        ],
                        [
                            2.3778,
                            48.7493
                        ],
                        [
                            2.3742,
                            48.7485
                        ],
                        [
                            2.3745,
                            48.7462
                        ],
                        [
                            2.3693,
                            48.7461
                        ]
                    ]
                ]
            }
        },
        {
            "type": "Feature",
            "properties": {
                "code": "94076",
                "nom": "Villejuif",
                "departement": "94",
                "region": "11",
                "epci": "200054781",
                "stationCount": 11
            },
            "geometry": {
                "type": "Polygon",
                "coordinates": [
                    [
                        [
                            2.3712,
                            48.804
                        ],
                        [
                            2.3731,
                            48.8025
                        ],
                        [
                            2.3699,
                            48.8008
                        ],
                        [
                            2.3703,
                            48.7965
                        ],
                        [
                            2.3742,
                            48.79
                        ],
                        [
                            2.3769,
                            48.7866
                        ],
                        [
                            2.3695,
                            48.7824
                        ],
                        [
                            2.3709,
                            48.7807
                        ],
                        [
                            2.3674,
                            48.7794
                        ],
                        [
                            2.3673,
                            48.7809
                        ],
                        [
                            2.3581,
                            48.7787
                        ],
                        [
                            2.3549,
                            48.7788
                        ],
                        [
                            2.3526,
                            48.781
                        ],
                        [
                            2.3475,
                            48.7822
                        ],
                        [
                            2.3478,
                            48.7849
                        ],
                        [
                            2.3447,
                            48.7855
                        ],
                        [
                            2.3462,
                            48.7896
                        ],
                        [
                            2.3442,
                            48.7907
                        ],
                        [
                            2.3449,
                            48.7939
                        ],
                        [
                            2.3438,
                            48.7977
                        ],
                        [
                            2.3478,
                            48.8015
                        ],
                        [
                            2.3541,
                            48.8024
                        ],
                        [
                            2.3587,
                            48.8042
                        ],
                        [
                            2.3581,
                            48.806
                        ],
                        [
                            2.3672,
                            48.8081
                        ],
                        [
                            2.3712,
                            48.804
                        ]
                    ]
                ]
            }
        },
        {
            "type": "Feature",
            "properties": {
                "code": "94080",
                "nom": "Vincennes",
                "departement": "94",
                "region": "11",
                "epci": "200054781",
                "stationCount": 10
            },
            "geometry": {
                "type": "Polygon",
                "coordinates": [
                    [
                        [
                            2.4479,
                            48.8449
                        ],
                        [
                            2.4466,
                            48.8458
                        ],
                        [
                            2.4408,
                            48.846
                        ],
                        [
                            2.438,
                            48.8447
                        ],
                        [
                            2.4372,
                            48.8409
                        ],
                        [
                            2.4276,
                            48.8416
                        ],
                        [
                            2.4282,
                            48.8455
                        ],
                        [
                            2.4186,
                            48.8464
                        ],
                        [
                            2.419,
                            48.8494
                        ],
                        [
                            2.4293,
                            48.8487
                        ],
                        [
                            2.4296,
                            48.8511
                        ],
                        [
                            2.4346,
                            48.8508
                        ],
                        [
                            2.4352,
                            48.8534
                        ],
                        [
                            2.4471,
                            48.8512
                        ],
                        [
                            2.4563,
                            48.8496
                        ],
                        [
                            2.4559,
                            48.8473
                        ],
                        [
                            2.4579,
                            48.8452
                        ],
                        [
                            2.448,
                            48.8468
                        ],
                        [
                            2.4479,
                            48.8449
                        ]
                    ]
                ]
            }
        },
        {
            "type": "Feature",
            "properties": {
                "code": "94081",
                "nom": "Vitry-sur-Seine",
                "departement": "94",
                "region": "11",
                "epci": "200054781",
                "stationCount": 17
            },
            "geometry": {
                "type": "Polygon",
                "coordinates": [
                    [
                        [
                            2.3712,
                            48.804
                        ],
                        [
                            2.3758,
                            48.806
                        ],
                        [
                            2.3793,
                            48.8014
                        ],
                        [
                            2.3857,
                            48.8043
                        ],
                        [
                            2.3868,
                            48.8005
                        ],
                        [
                            2.3917,
                            48.7993
                        ],
                        [
                            2.3946,
                            48.7999
                        ],
                        [
                            2.3997,
                            48.8043
                        ],
                        [
                            2.4051,
                            48.805
                        ],
                        [
                            2.4042,
                            48.8081
                        ],
                        [
                            2.409,
                            48.8085
                        ],
                        [
                            2.411,
                            48.8037
                        ],
                        [
                            2.4207,
                            48.7957
                        ],
                        [
                            2.4228,
                            48.7911
                        ],
                        [
                            2.422,
                            48.7879
                        ],
                        [
                            2.4147,
                            48.7772
                        ],
                        [
                            2.4119,
                            48.7742
                        ],
                        [
                            2.4058,
                            48.7739
                        ],
                        [
                            2.402,
                            48.773
                        ],
                        [
                            2.3987,
                            48.7748
                        ],
                        [
                            2.3923,
                            48.7734
                        ],
                        [
                            2.3881,
                            48.7732
                        ],
                        [
                            2.3819,
                            48.7718
                        ],
                        [
                            2.3791,
                            48.7731
                        ],
                        [
                            2.3765,
                            48.7715
                        ],
                        [
                            2.3743,
                            48.7718
                        ],
                        [
                            2.3711,
                            48.77
                        ],
                        [
                            2.3678,
                            48.7719
                        ],
                        [
                            2.3674,
                            48.7794
                        ],
                        [
                            2.3709,
                            48.7807
                        ],
                        [
                            2.3695,
                            48.7824
                        ],
                        [
                            2.3769,
                            48.7866
                        ],
                        [
                            2.3742,
                            48.79
                        ],
                        [
                            2.3703,
                            48.7965
                        ],
                        [
                            2.3699,
                            48.8008
                        ],
                        [
                            2.3731,
                            48.8025
                        ],
                        [
                            2.3712,
                            48.804
                        ]
                    ]
                ]
            }
        },
        {
            "type": "Feature",
            "properties": {
                "code": "95018",
                "nom": "Argenteuil",
                "departement": "95",
                "region": "11",
                "epci": "200054781",
                "stationCount": 8
            },
            "geometry": {
                "type": "Polygon",
                "coordinates": [
                    [
                        [
                            2.2742,
                            48.964
                        ],
                        [
                            2.2765,
                            48.962
                        ],
                        [
                            2.2792,
                            48.9618
                        ],
                        [
                            2.2802,
                            48.9597
                        ],
                        [
                            2.2882,
                            48.9599
                        ],
                        [
                            2.2883,
                            48.9584
                        ],
                        [
                            2.2922,
                            48.9515
                        ],
                        [
                            2.2908,
                            48.9511
                        ],
                        [
                            2.2815,
                            48.9498
                        ],
                        [
                            2.2686,
                            48.9465
                        ],
                        [
                            2.2586,
                            48.9424
                        ],
                        [
                            2.2556,
                            48.9402
                        ],
                        [
                            2.2476,
                            48.9367
                        ],
                        [
                            2.2418,
                            48.9329
                        ],
                        [
                            2.2311,
                            48.9277
                        ],
                        [
                            2.2279,
                            48.9304
                        ],
                        [
                            2.2257,
                            48.9292
                        ],
                        [
                            2.222,
                            48.9346
                        ],
                        [
                            2.2103,
                            48.938
                        ],
                        [
                            2.2061,
                            48.9407
                        ],
                        [
                            2.2054,
                            48.9421
                        ],
                        [
                            2.2063,
                            48.9461
                        ],
                        [
                            2.2059,
                            48.9499
                        ],
                        [
                            2.2053,
                            48.956
                        ],
                        [
                            2.2033,
                            48.9566
                        ],
                        [
                            2.2065,
                            48.9603
                        ],
                        [
                            2.2115,
                            48.9647
                        ],
                        [
                            2.2135,
                            48.9637
                        ],
                        [
                            2.2185,
                            48.969
                        ],
                        [
                            2.2227,
                            48.9724
                        ],
                        [
                            2.2257,
                            48.971
                        ],
                        [
                            2.2304,
                            48.9701
                        ],
                        [
                            2.2318,
                            48.9675
                        ],
                        [
                            2.2356,
                            48.9683
                        ],
                        [
                            2.2494,
                            48.9653
                        ],
                        [
                            2.25,
                            48.9636
                        ],
                        [
                            2.2589,
                            48.9635
                        ],
                        [
                            2.2632,
                            48.9623
                        ],
                        [
                            2.2688,
                            48.964
                        ],
                        [
                            2.2742,
                            48.964
                        ]
                    ]
                ]
            }
        }
    ]
}